,LHipAngles,,,,,,,RHipAngles,,,,,,,LKneeAngles,,,,,,,RKneeAngles,,,,,,,LPelvisAngles,,,,,,,RPelvisAngles,,,,,,,LAnkleAngles,,,,,,,RAnkleAngles,,,,,,
percent cycle,X,std_X,Y,std_Y,Z,std_Z,Split_line,X,std_X,Y,std_Y,Z,std_Z,Split_line,X,std_X,Y,std_Y,Z,std_Z,Split_line,X,std_X,Y,std_Y,Z,std_Z,Split_line,X,std_X,Y,std_Y,Z,std_Z,Split_line,X,std_X,Y,std_Y,Z,std_Z,Split_line,X,std_X,Y,std_Y,Z,std_Z,Split_line,X,std_X,Y,std_Y,Z,std_Z,Split_line
0,34.653684000000005,2.2769882173924394,1.0378081599999995,2.172075437490737,8.509552399999999,1.6999046376541949,35.60205696826629,36.68098823529412,2.0951341071445557,9.058904313725494,2.0556776296997685,21.756239215686268,1.588227499024686,36.70418068200259,12.984839800000001,2.94701242303896,7.791096399999998,0.9520506485618504,-45.244468000000005,2.4394745095975074,35.60205696826629,17.547586274509797,2.3573423717514492,13.01603333333334,1.0664978123704003,-22.270703921568632,1.4217143648703623,36.70418068200259,17.94056,1.1962339015426708,2.5627729000000006,1.0274057727315387,5.929954180000003,3.596740313953443,35.60205696826629,19.232678431372552,1.2420231746620267,3.1251545098039215,0.7176910895318312,-4.0973306274509795,3.143306781548287,36.70418068200259,-12.035663400000002,2.8724160440274735,0.9445696400000003,0.380583403207957,2.451281723999999,2.6734359175276214,35.60205696826629,-2.052863254901961,2.534776110575842,4.375263333333334,0.35714482035792805,-19.266764705882352,2.1365077743211502,36.70418068200259
1,34.07778638383839,2.2837177291027704,1.4193676192929292,2.1367549844132627,8.952523092929296,1.677338577996577,49.958297270205236,36.14692083580907,2.0569150324540373,9.60634156466627,2.0308194449497505,22.216631590413943,1.5700759184083974,50.03999363268315,14.90136908888889,2.9087405256064156,8.796398325252522,1.0818833599672992,-43.54541422222223,2.6798425025031563,49.958297270205236,19.64031388393741,2.340088914670634,13.963024935630814,1.123858177255987,-20.847864507823335,1.4056518706817354,50.03999363268315,17.565879373737367,1.1918956742945437,2.5403539208080805,1.0507717175109181,5.666889870101012,3.629028386391944,49.958297270205236,18.811410695187163,1.2219435103444447,3.118311950881363,0.7071832329913502,-4.413190970093088,3.157003722198821,50.03999363268315,-8.097574151919195,2.783863102734568,1.2855748874747477,0.4004616350207738,0.05500958690100987,2.8146963871121113,49.958297270205236,1.0095425830857598,2.451540402977016,4.694224256288374,0.3549095174134507,-21.134841097246973,2.070683133344114,50.03999363268315
2,33.617991979797985,2.2985485808921444,1.865276970020202,2.0977678595773863,9.355233218181821,1.6525645978398182,86.71967187806258,35.68036900376311,2.0369702616255227,10.229073471974653,2.001474799385295,22.66234921766686,1.5539990935929606,85.59012560787261,17.110245636363633,2.872407332024346,9.709065937373738,1.2005503139610394,-41.8820683030303,3.013700458267851,86.71967187806258,21.99915818974054,2.336545082053737,14.881381996434941,1.1761546112156744,-19.302933234303826,1.3947246721728481,85.59012560787261,17.20693591919192,1.1919189271945634,2.5466519101010108,1.0808828247736149,5.364295730909091,3.652940536835941,86.71967187806258,18.412616240839775,1.2052466328306612,3.1495201841948903,0.7000073261075724,-4.760112999009705,3.1656882422302997,85.59012560787261,-4.146785428525251,2.8741819446292096,1.5943732678787876,0.41084006445666327,-2.1133771148808087,2.8833711157285005,86.71967187806258,4.32285225113884,2.361071157895817,5.011904945533769,0.3445458320964287,-22.952461457714406,1.9591464737948356,85.59012560787261
3,33.25658800000001,2.326521497238908,2.3565515203636354,2.0591617717915027,9.691985187878785,1.6314799339208077,,35.26962228163993,2.032384541494803,10.903511568627453,1.9671420094235128,23.07924058229352,1.532249721848798,,19.478962848484848,2.8157819195428067,10.496239884848485,1.2470657377336847,-40.36885896969697,2.9482307086434294,,24.53907528223411,2.346378212563324,15.750237314319666,1.2231426726545362,-17.699250445632803,1.3923726274614203,,16.871550181818183,1.196953795048365,2.5769402460606057,1.117293738596829,5.028385488484848,3.669142632737919,,18.04284266191325,1.1925303607088689,3.213606013071895,0.6963015199788635,-5.129005550207964,3.1687792197525657,,-0.3423943739393941,2.762906225640557,1.8631613606060606,0.38695114082373755,-3.9980123859393952,2.7087313401080504,,7.7685326417112295,2.257636194149359,5.316266316102198,0.32738384077638255,-24.65334236482472,1.8145047212576246,
4,32.96947377777778,2.37089374477299,2.871708728545454,2.024487175347929,9.94645706060606,1.6221834117081602,,34.898932897603494,2.0408533127121324,11.603032844127554,1.9277028933453335,23.45851356704298,1.5052258233466342,,21.929499838383837,2.786523836198992,11.161659830303034,1.2449179598363753,-38.95519416161618,2.5693266832320205,,27.169192889681124,2.367727655761416,16.554273796791446,1.266630704977725,-16.098853594771246,1.400477288324991,,16.567199717171714,1.2072560699449044,2.625517750707071,1.1591691535352973,4.666183845939393,3.6785435611138166,,17.708214022578723,1.1846887996853823,3.3041324163200634,0.6963280793539278,-5.510444708259063,3.1658782488104236,,3.2526309127272723,2.461275462179795,2.096930274747475,0.33727914155255784,-5.632789962424244,2.352651022797187,,11.22908960784314,2.13829523872281,5.59688393543276,0.305756863533021,-26.184853337294513,1.653218368838603,
5,32.7270376969697,2.4309744703278042,3.3873214610101017,1.9957388769125834,10.110871307070704,1.6313691447640837,,34.54865660526838,2.060114356380219,12.29830487027134,1.8833128764969047,23.796047831253727,1.4769359506980413,,24.413405696969704,2.84838038085004,11.72772224444444,1.2374485717259702,-37.504631131313126,2.2534930634299797,,29.79388328381857,2.395412456644461,17.282774390968513,1.309127395223351,-14.560870409982172,1.4182358639535746,,16.301425979797983,1.222333959363581,2.685854526666667,1.2054076643269642,4.2852793175353545,3.682127872249069,,17.414740562487623,1.1823298406540628,3.4135470033670043,0.7005563471910304,-5.894761600713012,3.156645150893434,,6.6210029783838396,2.149098065997815,2.3060418949494954,0.28608148432807845,-7.089068606060606,1.9861730424516397,,14.589686947910483,2.001238384058093,5.844849758367993,0.28260518004072854,-27.50647835214893,1.4934502984904583,
6,32.486669878787886,2.5019100755970576,3.871617494242423,1.9708126866228182,10.178729636363634,1.654854913644819,,34.18885086155674,2.0882437509310687,12.948128615567443,1.8348543038465828,24.089614913844326,1.4492959211565777,,26.847250060606065,2.9895671913058446,12.200747636363635,1.2375106409167056,-35.91018103030303,2.199537676089023,,32.28375365418895,2.4246560581147243,17.920880689245394,1.3504464045534403,-13.157616280451574,1.4492963612752165,,16.088157878787875,1.2411362380660231,2.7491436981818187,1.254250838550296,3.8948977567272722,3.68015295028262,,17.17423541295306,1.1847853101699362,3.5320857100415926,0.7096257012054957,-6.270031505644681,3.14004228166792,,9.678419018181815,1.913664386103735,2.494038733333333,0.24887818680151813,-8.39016486666667,1.7180834091121322,,17.704839786096255,1.845227750416088,6.04869008318479,0.26097156900544116,-28.56720213903743,1.3526617815339363,
7,32.19462606060606,2.5755105909825025,4.2952112983838395,1.9521993374683042,10.177170236363636,1.6906304410012618,,33.78325094078034,2.1215468723702724,13.514393670033675,1.7848307227178326,24.347485997227178,1.42958654500806,,29.07628456565656,3.144301206692157,12.575402888888888,1.2348455508217897,-34.29770684848484,2.2343284824065837,,34.52129730639731,2.4465184479620867,18.46898423450188,1.3921905373069412,-11.930339801940981,1.478589654377446,,15.931563818181822,1.2629117661177365,2.802167078989899,1.3033726597237851,3.5069004193535345,3.673224606922176,,16.989636482471777,1.1956629521500026,3.6447222994652404,0.7244881503533269,-6.624401691622102,3.117323052100524,,12.318951430303033,1.7613586015497802,2.6566970707070707,0.22394405454511873,-9.508701492929292,1.5371312893295643,,20.480026242820365,1.68466560983218,6.208166385422855,0.24399322822818917,-29.382242226183408,1.2448692965049644,
8,31.808640727272728,2.6399228583692387,4.6403102488888885,1.9404088765652983,10.13562116969697,1.72922770728152,,33.303971479500895,2.155322768377822,13.975197445038624,1.735407450380154,24.579137452960982,1.416917169023111,,30.96659264646465,3.286747725553894,12.839661187878784,1.2282744042663283,-32.85452907070707,2.2932639711582614,,36.4409421865716,2.4522666618724607,18.931980847692614,1.4349439664362882,-10.88855572588631,1.4973034263991447,,15.832050282828282,1.2875864279713034,2.834454425050505,1.3509325303903572,3.131096921212121,3.663423615668007,,16.85913602693603,1.213621773711289,3.739519419687068,0.7460569631765681,-6.951109481877601,3.090313637652162,,14.518545848484854,1.7486567356193505,2.784749460606061,0.21397799175067592,-10.383764674747477,1.4614178286289548,,22.89271132897603,1.5369817776912802,6.327837165775401,0.2320893581454073,-29.98580134680135,1.1695158884233856,
9,31.30068745454546,2.688879197460379,4.898898492727272,1.9323451345760474,10.075840709090908,1.7607778934658755,,32.72726096256685,2.184475265218247,14.315422103386807,1.6901276004900563,24.790802317290552,1.4060429078594996,,32.45402981818181,3.395513628553034,13.005142363636361,1.224112075742608,-31.637412727272732,2.348296984937055,,37.994161853832445,2.4338378348989695,19.307607308377893,1.4777265546066565,-10.03729696969697,1.5027592699710308,,15.78957090909091,1.313708682138956,2.837797623636364,1.3958381406154152,2.774276932909093,3.6519103553395906,,16.78163404634581,1.2383298616292433,3.8064573440285208,0.7751141219643137,-7.245364472370765,3.0601608352525496,,16.325222363636364,1.8276558150750253,2.8799603454545455,0.21641192348805094,-11.030879254545455,1.4714037773847368,,24.939014973262026,1.407448719845497,6.411214741532978,0.2247712262617705,-30.401999286987525,1.1222908187035887,
10,30.64506434343434,2.720387478576665,5.0630002458585865,1.9248284388880306,10.014778155555556,1.7784012232832516,,32.03176666666666,2.208341032196684,14.52208653198653,1.6510823149960732,24.98422632204397,1.3908488488764483,,33.48799808080809,3.4641885855932806,13.085440424242428,1.2292519462985805,-30.66705228282829,2.374004440057331,,39.1404008516538,2.3937787473190517,19.587654050306988,1.5199210648461112,-9.380489865319865,1.4941221335422268,,15.805750565656565,1.3396216747029592,2.8030484734545458,1.4364150024101112,2.44328642450505,3.638673305539764,,16.756726361655772,1.2672968439353678,3.83546193305605,0.8117493510614522,-7.50326570013864,3.028083733093072,,17.773441515151518,1.9314517433327585,2.9460189131313137,0.22521210075500747,-11.477687050505049,1.5255926056913134,,26.620483501683502,1.3090002304947124,6.460976341849871,0.22133484817136548,-30.648481956823133,1.0986300614011077,
11,29.81372644444444,2.731404218046086,5.124171542222223,1.9136841149606643,9.966657333333332,1.7780332160156107,,31.19374357298475,2.228480840707271,14.580803485838784,1.6205819532849772,25.155768409586052,1.3658745223404878,,34.01740111111111,3.4807990963373574,13.090098666666668,1.2446012116607306,-29.955354888888877,2.3435622262863216,,39.835054901960795,2.348271570013379,19.75304444444445,1.5608722698645925,-8.92612283224401,1.4757863900331851,,15.883773777777781,1.364675955375144,2.7184312000000004,1.4711823891465252,2.1467705955555556,3.6223927087902,,16.785374945533768,1.2982550573567118,3.8139685620915027,0.8549736708251185,-7.720459564270155,2.995270387093788,,18.879571333333335,2.0096625877772505,2.9858558888888886,0.23413592780867096,-11.746094733333331,1.5821475955492463,,27.935608278867104,1.2536449699011387,6.478728017429193,0.22057828340690963,-30.73599934640524,1.0917998115158767,
12,28.802481272727267,2.721061055599043,5.085780486666665,1.901432076989785,9.939839745454544,1.7639941721594077,,30.20219043374926,2.2380615331186604,14.490711527035051,1.6010495635440132,25.30199875222816,1.3303867932648812,,34.05961921212121,3.4410988799021944,13.021724484848487,1.263654702986582,-29.49038327272727,2.2640061033831587,,40.07478104575164,2.2758671205067276,19.788087522281643,1.5935907253657648,-8.670937409387998,1.4379266992033588,,16.020720363636364,1.3874619919402482,2.576477134363637,1.5001077012210917,1.8910339123563638,3.602516493471108,,16.86411128936423,1.3311854065208855,3.7322015864527627,0.9034222577631642,-7.895281479500893,2.9637345925584166,,19.675572121212124,2.057082907554839,2.999550751515151,0.24161968814709286,-11.83786318787879,1.631201938747081,,28.907435947712415,1.2310320104628232,6.467943113487817,0.22112748370501817,-30.68283547237077,1.0947399716853026,
13,27.627316020202016,2.696921610850562,4.9584368,1.8862304654729098,9.935162484848485,1.7445101206606413,,29.06642826302238,2.2402060523872023,14.265996276490394,1.5904128287589523,25.419952822341063,1.2848179663252128,,33.6713044040404,3.3718177056562157,12.869951959595962,1.2822043902479794,-29.266597494949487,2.1804139242723495,,39.91044561299267,2.187732773174943,19.690503584868292,1.6230934784468904,-8.59372025747673,1.3776190811091908,,16.21013187878788,1.4074274379207725,2.37452970830303,1.5229013946750665,1.6773188691806056,3.5793339387032943,,16.984425846702315,1.3649542601033176,3.5874646504258254,0.957610799448222,-8.03157047138047,2.934292384572665,,20.198134424242422,2.0889808768263887,2.984046230303031,0.2477231305147395,-11.732779448484843,1.6735343911897094,,29.572191146761735,1.246502626192276,6.432914246385422,0.22328400468689732,-30.50967706476529,1.108642945334305,
14,26.304829616161616,2.6639859696639414,4.749851115555555,1.8676372558653371,9.948551355555558,1.7246332566893425,,27.79617938205585,2.233783196955211,13.91720946722123,1.5888577185625175,25.506997821350765,1.2305173383382781,,32.889438626262624,3.2879461770006824,12.625804353535354,1.2952948835266693,-29.30339185858585,2.1131571286016864,,39.38268571994455,2.0884601586480516,19.457592077639134,1.645758948671001,-8.682359922756982,1.3009394751681507,,16.448036626262624,1.4248479278874553,2.110342538424242,1.5400678558245853,1.50700317270101,3.552315683086167,,17.140219132501482,1.3969796409749038,3.377257639730639,1.0139384083871144,-8.132280019805904,2.90790441748061,,20.442444464646464,2.1181020309756575,2.9385327272727273,0.2530129554123593,-11.42486778989899,1.7127545321704256,,29.939275698158063,1.3103652731260482,6.376010392156863,0.2259665946232703,-30.227168805704093,1.1280140190190109,
15,24.856741454545453,2.6317123623711063,4.465487467272726,1.8449951018230735,9.975283006060605,1.7027777349655306,,26.40361996434937,2.2226667304045398,13.45222185383244,1.5953892031328376,25.560081877599522,1.1721115553881984,,31.76551890909091,3.212664697455434,12.289225054545454,1.2975587725462028,-29.59162690909091,2.064505289059554,,38.52934634581105,1.9876816253454315,19.08829679144385,1.6577471510225952,-8.928853630421866,1.214552883968739,,16.730903212121213,1.4383066303829788,1.782077816545455,1.5516710651740162,1.3821191156545456,3.520378785146929,,17.32681919191919,1.4238486825539651,3.099079651218064,1.0693851696262786,-8.200008509209743,2.884896723547582,,20.387125393939392,2.174616156697719,2.863950927272727,0.2578583300929891,-10.919226836363633,1.7513273910476908,,29.99588324420678,1.4356447505848484,6.298788324420679,0.2293947593398721,-29.84126286393346,1.1537970529128327,
16,23.310500929292928,2.6014010397666256,4.109686723838383,1.818752851640341,10.011282703030304,1.6768870730809406,,24.905285541691423,2.20680198940764,12.878729033471972,1.6099315105537844,25.578944979203804,1.1153759829791339,,30.357011676767684,3.146599099279846,11.86885012727273,1.2870386649231722,-30.123789919191918,2.0338018831786937,,37.39298573975044,1.8972765546657988,18.589220994256287,1.6540524746080887,-9.327535082194496,1.1299624978286178,,17.054600585858587,1.4470037519132628,1.3910470955945449,1.55868092715438,1.3045897580585861,3.482614062827099,,17.538749950485247,1.4450784287839893,2.751638694196871,1.120971179364319,-8.237203234303825,2.8649508823278844,,19.9847269090909,2.2606135959955544,2.7621699333333334,0.26199030330741824,-10.226655234343434,1.7870129954848133,,29.7126834620717,1.6249359359176714,6.20254805307982,0.2334744270898089,-29.3560321251733,1.1853651616956167,
17,21.697625555555554,2.574574228510352,3.686747544848483,1.7919601734073654,10.05234322020202,1.6448044286243557,,23.325804337492563,2.1882006123999695,12.20731406219053,1.6321071329344117,25.567393959199848,1.0674408512812563,,28.737338767676764,3.096041512311777,11.385554969696965,1.264995322724859,-30.862388747474757,1.9985344020756939,,36.02919869281046,1.8212411053981075,17.98148431372548,1.6314493182912864,-9.86838006932066,1.0574542034565189,,17.41291292929293,1.451549549752243,0.9427334695030294,1.5630247463221705,1.2740869793939398,3.439290234034669,,17.76905973460092,1.4595852058706316,2.3384109564270146,1.166441068871186,-8.247493141414141,2.8481704363094074,,19.180216585858588,2.368995790063804,2.6373644282828277,0.26540436760151087,-9.373401028282828,1.8192629816357735,,29.057863933452175,1.8740817575986688,6.088903000594177,0.23849871084518676,-28.776860566448793,1.2241971514235659,
18,20.04795836363636,2.5540396486338435,3.2005265381818186,1.7663282546695287,10.09224069090909,1.6042435523466618,,21.690428163992863,2.168203625831767,11.44748326203208,1.6604285464507211,25.530018181818182,1.0337116291913298,,26.963291636363632,3.061296960905469,10.862914799999999,1.2335911860177031,-31.78906145454545,1.9780005900512696,,34.489397504456335,1.76992023193852,17.29333868092692,1.5932428774544096,-10.54231652406417,1.005773438922549,,17.799656181818182,1.4514029652498874,0.4450822152727268,1.5647784299598977,1.2885042000000002,3.3921826618167286,,18.010511586452765,1.4671362530402074,1.865910653475936,1.205024808951366,-8.2345511372549,2.833450976413566,,17.926117963636358,2.4868905652804685,2.4953658727272723,0.2700338538020993,-8.39762261818182,1.860746722975631,,28.00038377896613,2.1939858400848156,5.958713475935828,0.24564570918998732,-28.10509518716577,1.27668083835203,
19,18.386281232323228,2.5375815067231278,2.652984351313131,1.7429351252437413,10.12240572121212,1.5524703478927737,,20.02217395523866,2.147823031790773,10.607692844127548,1.6934001797034153,25.470156684491975,1.0173200649878211,,25.080986828282825,3.0389057323546753,10.324593571717168,1.1980560119215689,-32.881900404040394,1.955652967143015,,32.815347633194705,1.7513528896503618,16.553800633788867,1.5420709114956,-11.34307898197663,0.9847762197428096,,18.209077757575752,1.4476534709577225,-0.09348326313131411,1.564377461535964,1.34546033979798,3.342161757412822,,18.256911586452762,1.4672195914273622,1.342352139158248,1.2355377913178722,-8.20134697831254,2.820031764926665,,16.16996455353534,2.634483833478918,2.3398934242424243,0.28341815353017696,-7.323309973737369,1.9625906399454651,,26.518893028322438,2.590194506819948,5.81197634977223,0.25631479797173645,-27.33741481481481,1.3510847808882906,
20,16.735675151515153,2.5201399631513373,2.0437514713131297,1.7214167381188847,10.131285507070707,1.49239658071405,,18.341653475935825,2.1261418291390966,9.693137110318874,1.7278170352734865,25.38756930085165,1.0192677172233684,,23.12750135353534,3.0209066037991246,9.79199209090909,1.1660979924335784,-34.127278828282826,1.9198939742221344,,31.0381422459893,1.7661144873758143,15.78877755991285,1.4790396369320735,-12.269804703901766,1.0012115155892765,,18.636225090909086,1.4407635058835095,-0.6642270757430312,1.561264572111016,1.4433854393818182,3.2898623807324805,,18.503483065953656,1.4596101533590264,0.775211327809466,1.2552987067685006,-8.149500377104378,2.8074466602483303,,13.850362199999996,2.80828609762176,2.1718551393939394,0.3171441666586847,-6.155149412121212,2.203112705950629,,24.58994339473162,3.0468462740541673,5.6474182214299855,0.2714885767092077,-26.463158308575952,1.45389830006499,
21,15.118380060606059,2.497983339794118,1.3744238387878787,1.7017764185933457,10.103781375757572,1.4342890132962354,,16.668741830065358,2.1034932808775144,8.710368253119428,1.7620430185317812,25.278102792632197,1.037288514233908,,21.145561200000003,3.004490592761297,9.283578545454544,1.1391196942815631,-35.49554048484847,1.8827288292560722,,29.18670570409981,1.8142215577607228,15.024812240047535,1.4075969950276492,-13.320290463458115,1.0610014087892832,,19.075575515151517,1.4314295556875334,-1.255622308720606,1.5556737540072079,1.5793669233515146,3.2371150101769612,,18.745303149138447,1.4458845807498604,0.17468052139037415,1.263687385599507,-8.07977647950089,2.7946458081728762,,10.96658279393939,3.003960879242352,1.9896250000000004,0.37422153229525384,-4.881251224484847,2.6019565856217106,,22.20450415923946,3.5443066320491265,5.463158514557338,0.29211959550952854,-25.46737243018419,1.5921495858926953,
22,13.552543111111108,2.4693317134893094,0.6501780575555542,1.6848304088880364,10.019009266666666,1.3898186497883407,,15.021891721132894,2.078133378853304,7.668523180827889,1.7944553606985933,25.1326559912854,1.069243916781955,,19.181205622222215,2.99010134261869,8.810107222222221,1.1209943180629616,-36.940783555555555,1.8640581765721866,,27.288534204793027,1.8894951560391575,14.28474139433551,1.3319493304556937,-14.487906535947719,1.1592137493698216,,19.520715777777774,1.4207834137772868,-1.8548359721111125,1.5470840998834143,1.7495402944444445,3.1845718758909514,,18.978885185185188,1.4272281085822325,-0.4472813843137267,1.2611826173378795,-7.9933850196078415,2.7815475791275146,,7.586629991111104,3.2660064228521715,1.789790135555556,0.4429999964056882,-3.4788493586666633,3.08124752537704,,19.383182657952066,4.053279245735238,5.257292570806101,0.3185099524698448,-24.33431002178649,1.7699772347459801,
23,12.053791602020196,2.4300511518501304,-0.12110400563636588,1.6700551873250091,9.854463006060604,1.3717553797776636,,13.416852622301445,2.049907315154835,6.5774810318874986,1.8202419760845368,24.93769734600911,1.1107977523471548,,17.27680831313131,2.9801494875892325,8.375679335353531,1.1139449902873864,-38.4195974949495,1.8765058944443278,,25.36851760744701,1.9828334030167836,13.586113824519707,1.256545599730018,-15.763677322242028,1.287210491411904,,19.966479797979797,1.4098278436686043,-2.4496734195959617,1.5345948372782643,1.9493279780202024,3.1337462663888664,,19.201101406219056,1.4049017592433266,-1.078643358764113,1.2472788257003888,-7.891223990493166,2.7668256633855073,,3.7936406501010005,3.579347159149048,1.5658298490909082,0.4951054991824067,-1.9063473446787835,3.452457348888675,,16.16488056644879,4.541329863545238,5.0283948266983565,0.3481256105443806,-23.049785799168163,1.9748231379644905,
24,10.633801690909092,2.376042029827515,-0.9291723444848494,1.6552183359557697,9.591023187878784,1.387173873730152,,11.867667843137252,2.015145187065815,5.45276054426619,1.8371300117881126,24.678503089720735,1.1638112490551538,,15.457348284848486,2.968474930260423,7.977837969696967,1.1121118774633103,-39.92189787878789,1.9412850096873517,,23.453381461675573,2.0815895551654973,12.942523529411766,1.181407122755395,-17.130276054664293,1.4294112224092517,,20.407821151515158,1.3995342846911225,-3.0291693969696976,1.5178161182923546,2.172564821454545,3.085470669297167,,19.41098710635769,1.3807070846927496,-1.7053631276886516,1.223146057227135,-7.773731179441474,2.7507882318163395,,-0.29425238909091195,3.929485924582526,1.3171246157575758,0.5202845605359747,-0.16197173599999862,3.641751862339602,,12.627098913844325,4.990003008513066,4.777952531194296,0.37896788823514843,-21.61570831847891,2.196742113410677,
25,9.30552341010101,2.3044946915665916,-1.7629948992929305,1.639050868264107,9.208952818181817,1.4335766227693174,,10.386022527233113,1.9711993993931667,4.3108365158249144,1.8407072718506017,24.342684373143186,1.2269792287231085,,13.739931503030302,2.938872049880782,7.616069127272726,1.1027035002450234,-41.45782676767677,2.0057843700552795,,21.57193174886116,2.170472023024324,12.363944959397896,1.1055865122291555,-18.564496454743516,1.572847425692778,,20.839677696969698,1.3907267461650985,-3.582207469292929,1.496488010072977,2.413338231959596,3.0397781167805955,,19.608300336700335,1.3567422464900112,-2.315120159754408,1.1895457076936118,-7.641832865914042,2.733675589778013,,-4.5993836256565706,4.260415944723159,1.0507692451111108,0.5287140361072137,1.7042703024242452,3.7060991351923507,,8.856300565260444,5.360840848962121,4.510241687462862,0.40618208335287365,-20.05218746286393,2.405412643141233,
26,8.08093847474747,2.2139162458997683,-2.6089947623434373,1.6209078956857628,8.69295442222222,1.4959506282779844,,8.983082753020394,1.9160527054979213,3.1705884997425198,1.8288731071735556,23.918512755000993,1.299596865639483,,12.159754711111109,2.8909803593004084,7.294330951515147,1.0735266265155485,-42.995422,2.045100433892907,,19.758006337888684,2.2328137677141697,11.85865035650624,1.026582392547764,-20.035558486829075,1.706511138581823,,21.25656345454545,1.3843222731714013,-4.097863808080811,1.4697086984580945,2.6649020095959606,2.9967209640175514,,19.793241057635175,1.334387897751058,-2.8953138451178466,1.148389111681556,-7.496994599920774,2.7157395723479776,,-9.02392395595961,4.528452415017034,0.7780547511313124,0.5267729809307335,3.6109770478787944,3.6847122485288613,,4.94940292275697,5.627436781505256,4.23223331154684,0.42439947787632704,-18.397419370172305,2.564709920013955,
27,6.969400745454543,2.1078849483254096,-3.450828310181822,1.6009693563391052,8.03608876363636,1.5688588678626363,,7.670511836007126,1.8445284071915118,2.0534002525846664,1.7988500461280064,23.398866488413542,1.3799726542403339,,10.765158836363629,2.8178493888636016,7.0189197818181785,1.0214255038720714,-44.47159418181819,2.0589695656525633,,18.05252049910873,2.250918448790257,11.435381586452756,0.9403443258704338,-21.50413921568627,1.8164641283561238,,21.65256454545455,1.3789455104011081,-4.5660256909090915,1.4376311219605378,2.9199488809090917,2.956446142711078,,19.96676256684492,1.314918121404479,-3.4334003172905554,1.1013120659213387,-7.341388081996434,2.697540956284704,,-13.423999281818194,4.717100648918044,0.5133019152727263,0.5147617069331747,5.455933754545464,3.5811928353115516,,1.0154215151514994,5.770058068485437,3.954066773618538,0.42836206821928596,-16.711825062388577,2.6362777974552083,
28,5.97385096363636,1.9847954593649286,-4.273569451515154,1.5785845742539473,7.249191569696967,1.643334123813704,,6.455333155080209,1.7572760057274794,0.9801710240443613,1.7503457647066407,22.786907169736587,1.4597159744921386,,9.59386089292929,2.7268136575940907,6.788447638383838,0.9444738617674976,-45.84284252525251,2.05932427043866,,16.496159160229745,2.212091211309547,11.099010768469006,0.8459392059530115,-22.92725733808675,1.8926843795062482,,22.023433515151513,1.3752230300986268,-4.980795872727273,1.400365080597119,3.170114078424244,2.919183889248728,,20.130185918003562,1.2987905965374267,-3.9196148999801963,1.0514796134187354,-7.178494612596555,2.6789945075837642,,-17.70265434141416,4.8099978838238675,0.26787911583838286,0.4927514237747614,7.15919736383839,3.4054933123248476,,-2.8347341784511957,5.7769893394846745,3.6882151336898383,0.414892132359024,-15.075498205585255,2.5934533636026877,
29,5.099760251717173,1.8464284027387614,-5.062122779797977,1.5529380463213704,6.3483033030303035,1.7080227607445018,,5.346248472964945,1.6541056009889101,-0.02767443701722988,1.6854385769405866,22.091726579520692,1.5289137276602083,,8.69933997171717,2.6123631014919177,6.604982076767675,0.8453946527287525,-47.04960262626261,2.0374743819936683,,15.136024472172707,2.1129640825923555,10.856406401267575,0.7453764834716706,-24.259733313527427,1.9297990244454508,,22.363577030303027,1.3735807154186517,-5.33499532121212,1.358351766434274,3.4066753718383835,2.8853902634229263,,20.284163458110523,1.2866480684275254,-4.344035935828877,1.002556687397028,-7.011934330758566,2.660508077547225,,-21.760412597979798,4.758537672074205,0.050066026424242675,0.46112640886643014,8.663279315151513,3.1672614440532865,,-6.4964492010298995,5.638785405855449,3.4478963240245597,0.383123718267133,-13.576073717567835,2.4247339089508784,
30,4.345696699393941,1.697949184482258,-5.803444581818181,1.5245322290633307,5.363091575757577,1.750871220699593,,4.350490904337491,1.5364676483882043,-0.9500083291146766,1.6039288578926643,21.333005347593584,1.5790316034212564,,8.126849163636363,2.478866264251324,6.484388199999999,0.7456419703303832,-48.013249090909085,2.0107741545277538,,14.022695341651808,1.9567013360147656,10.711843915626856,0.6445234379342233,-25.456498455139638,1.92935532041073,,22.66786527272727,1.3736858082424948,-5.624969915151516,1.313531735645392,3.621441355757576,2.8552302085001857,,20.42915567439097,1.2786468942634515,-4.699218568033274,0.955181782091134,-6.84660468405229,2.6432240707118435,,-25.429392836363633,4.534015734965392,-0.12571447181818174,0.4270787926894123,9.870541860606062,2.918154427254948,,-9.867257979797984,5.344910092669856,3.2464110932857992,0.33402925749695905,-12.305610808080813,2.1341130867981564,
31,3.7074260185858576,1.5473527463099446,-6.486354838383839,1.4950290939225446,4.331838996161614,1.7676309189064086,,3.4702844420677352,1.4154628804834153,-1.7728275988116482,1.5120536075218411,20.53799156268568,1.599687146294183,,7.9097865898989905,2.358213373122979,6.44467405050505,0.6757020480080806,-48.66291474747476,2.0114365398903136,,13.195175769459297,1.7731684091641002,10.66590658744306,0.5704073898276893,-26.484561319073084,1.8953817604455323,,22.931527393939405,1.3756934565933536,-5.848715111111111,1.2672407917510728,3.8072744225252517,2.829343092222865,,20.564390295107945,1.2745611774000392,-4.981164816795405,0.9147678023447142,-6.688031568470982,2.6278995585813356,,-28.54136640404041,4.174526219548828,-0.24394720640404055,0.40320166896481424,10.67849446868687,2.7437534611350527,,-12.870647658942369,4.909756560704639,3.0930212537136064,0.27621060863838925,-11.330640001980589,1.7766569030004675,
32,3.183241205858584,1.404243499602893,-7.099077620202021,1.462821945744782,3.3017016122222196,1.7578186076286173,,2.710302268251136,1.299781311898886,-2.4819243450188173,1.4130598835685313,19.74225153495742,1.5811508538862558,,8.080264955555554,2.264156651577875,6.497370648484847,0.6572329527274635,-48.960268303030304,2.0146516251069775,,12.69905778768073,1.6218154989428826,10.719867353931471,0.563711000423814,-27.315122103386813,1.8319151832460718,,23.148892343434344,1.376613254802463,-6.002909274747475,1.2180798780123259,3.9564920972727267,2.8095499986371153,,20.688005506040803,1.2745305261123427,-5.18581752624282,0.8836206487684135,-6.542496448366011,2.6148894312377853,,-30.943150727272744,3.706106859337403,-0.28965300806060607,0.39755964263104004,10.989013117171714,2.697701153093172,,-15.430650661517136,4.344191086843879,2.996095082194494,0.2242006118176033,-10.711150398098633,1.4487679027500688,
33,2.758166982666666,1.280707554444249,-7.638460000000004,1.4288202241983494,2.3219579499999963,1.7254740342599384,,2.064035141830063,1.211672311998847,-3.0761676928104595,1.3141356665044468,18.98273006535947,1.520863745431512,,8.617213866666669,2.2369779365029623,6.630403066666668,0.6923351999833095,-48.94695933333333,2.003124798434131,,12.545457843137257,1.616033500197404,10.86643503267974,0.6481677016575713,-27.94799869281047,1.7554193399288138,,23.31862,1.3769286992917729,-6.0918664,1.1687680476328415,4.066120767999998,2.796277627711737,,20.798088888888888,1.277892857051452,-5.316572614379084,0.864980575693176,-6.414582803921568,2.605042501503195,,-32.60953000000001,3.1925090543698245,-0.2625239979999997,0.409629750660466,10.803480666666665,2.7792227674216967,,-17.52807647058824,3.6842754696205398,2.955858758169935,0.20357935996749751,-10.452927777777777,1.318894546724075,
34,2.4278528466868674,1.187959381043937,-8.092429571717174,1.3931667481214494,1.4562995310909057,1.668168057025311,,1.5376752289958386,1.177652930129972,-3.5425416500297096,1.227062517055837,18.30487450980392,1.4216608263496344,,9.5409874969697,2.300572092810701,6.832091753535354,0.7647844304295343,-48.65393656565656,1.9573431466172901,,12.783102251931076,1.839082550078436,11.10949491780551,0.8091928490508975,-28.36907565854624,1.6756828674319875,,23.433274242424236,1.3769005539398191,-6.112122747474746,1.1205280679883194,4.129471636464646,2.7897057081891177,,20.889907961972668,1.2840754258258005,-5.368656765696177,0.8611566487392839,-6.310889133491781,2.5998268661413553,,-33.46949101010102,2.6794926189217985,-0.16154692092929243,0.4344104745947221,10.11368217171717,2.9595131533132606,,-19.10172915428799,2.977027791079388,2.9767445355515942,0.22938357373552423,-10.58613210734799,1.4845459158455696,
35,2.1716912022505035,1.1343979130120534,-8.465548244444449,1.3572358836719398,0.7454375579393906,1.5980487928169984,,1.1155800338878965,1.206534499128942,-3.8942589700930896,1.1541061070637006,17.74408573975045,1.3021756167009617,,10.797486266666672,2.4505985306662947,7.080879987878791,0.8590432463872799,-48.17747387878789,1.8764748810128133,,13.387415914042386,2.2663017981618934,11.436198195682314,1.0191482365180724,-28.612189898989897,1.6003612989154619,,23.494788666666672,1.3760110636641556,-6.072633573737375,1.074455783460638,4.149188229454545,2.7895277036183637,,20.960858704694,1.2921992946259422,-5.353049463260052,0.8694529055931423,-6.233788322043967,2.600355982169249,,-33.63631868686869,2.2937221946959347,0.0009229477674757946,0.4662549464591491,8.999833375757568,3.1977576206088396,,-20.19791841948901,2.2757815242874,3.0496693424440493,0.2832600288459864,-11.051936543870081,1.8255855035925486,
36,1.9787961700727272,1.1217174984411777,-8.754447545454546,1.320028532146973,0.240575800181818,1.527542029929326,,0.7936559995632799,1.2951569510296552,-4.1338393048128355,1.0985851446729034,17.345220320855617,1.1885911085744474,,12.372237581818183,2.6654410746224215,7.369021763636365,0.9595655729677574,-47.57916363636364,1.7598128881397617,,14.367299643493764,2.831271541824538,11.847718877005349,1.2614365270630297,-28.69947896613191,1.5333832334187907,,23.499664727272727,1.37371326402714,-5.975323490909093,1.030686727552463,4.124825389636362,2.794876043740288,,21.005717825311944,1.301330083903619,-5.273225811051694,0.8861705851264112,-6.187502000000002,2.608251774579327,,-33.15216963636364,2.1093364876811793,0.2180873587254548,0.4936079869912499,7.503228770909089,3.410212797362571,,-20.82706114081995,1.651318007854019,3.169311069518717,0.34178502048039494,-11.813268288770054,2.1883919544517942,
37,1.8343570473939397,1.1469725582780306,-8.965231460606063,1.283510058359035,-0.027765953595959906,1.465832469709455,,0.55740428438978,1.4257221124881305,-4.276110574371163,1.0626625566834407,17.132707704495942,1.1309725342482806,,14.222197836363643,2.907568977640631,7.689077381818181,1.0579478394325417,-46.9337836969697,1.6200478313335915,,15.689387625272328,3.461272988075949,12.341339279065158,1.5281909269036789,-28.67129403842345,1.476017120919071,,23.45000676767677,1.3682801183323166,-5.828024232323234,0.9896742961627633,4.0616968321212115,2.80670600990086,,21.02120598138246,1.311481727329713,-5.139136577540106,0.9092623883910775,-6.171070104614776,2.6235966213416155,,-32.13691909090909,2.1443400639855987,0.47546301830303056,0.5077963371190006,5.719483719759592,3.531500058079271,,-21.056017983759165,1.22514642393857,3.3248859595959592,0.39183144333297165,-12.7978957298475,2.4881610292129754,
38,1.7255370473939389,1.200912418508084,-9.10215903030303,1.2488969066771987,-0.027636510525252015,1.4204547953863296,,0.396534356324024,1.5791797461935286,-4.333848772034067,1.0475561871725467,17.13216835016835,1.1771940415505864,,16.307498515151522,3.1604567099345027,8.038136903030304,1.1495236773823696,-46.32246147474748,1.497416368646416,,17.33082770845712,4.107044366387304,12.92282238066944,1.8152259899345722,-28.563094375123782,1.4269902458897763,,23.345990666666676,1.3598295863345418,-5.636771701010104,0.9513415967359595,3.9660318377777766,2.824162475864115,,21.003281659734604,1.321952816967096,-4.958809978213506,0.9348461387641941,-6.183517195484255,2.6472358770261457,,-30.72976616161616,2.320628149991597,0.7550549563838396,0.5037631560111779,3.7710292725999937,3.521691533386116,,-20.94251641909289,1.1090965139244642,3.506462028124382,0.42584939526549126,-13.939006084373146,2.6776358674389154,
39,1.6405195798181815,1.272540063330451,-9.175395090909092,1.2185177014424833,0.2494364381212137,1.4134285989278612,,0.29998141479500845,1.7407682620721676,-4.3231788651218075,1.0516623810155736,17.35960944741533,1.328410258538537,,18.582626084848492,3.410833731374089,8.421587296969697,1.2340038036376986,-45.80868587878786,1.4211577422757629,,19.261025727866908,4.734746224154092,13.600985442661914,2.11910554279688,-28.407972311348775,1.385262396773942,,23.190434181818183,1.349493076281564,-5.410005399999999,0.916652018317876,3.847441992727273,2.844816399216751,,20.948492929292932,1.331340031215744,-4.741850267379678,0.960117079006787,-6.221418445038619,2.680102587094651,,-29.0803796969697,2.512488814460416,1.0370035214545466,0.480788844529275,1.7975896567515073,3.3726355305159528,,-20.557247653000587,1.2385871173928082,3.7033046880570417,0.4402715300860459,-15.165876131907314,2.7378148104659465,
40,1.5706390866666664,1.3530177796217837,-9.19675518181818,1.1920964621444983,0.8040035390909117,1.4523676310514493,,0.2552759855020796,1.8994927017705872,-4.263898795801148,1.0717720494007636,17.816500297088538,1.5480673656397919,,21.01383028282829,3.646964620197864,8.853003579797983,1.316023421771119,-45.42493868686868,1.3963332420500794,,21.438732857991695,5.329627516011798,14.38708837393543,2.436325368323377,-28.234309051297288,1.3540012674963373,,22.98601014141414,1.3365150673113297,-5.1563733030303025,0.8852581393549943,3.7162266250101004,2.8675254575157103,,20.8547844325609,1.3389243214065485,-4.499333242226182,0.9828033017268056,-6.278736294711823,2.7218093521498337,,-27.308401171717165,2.635673974848683,1.3028023356565666,0.44146051459367325,-0.06785955711515934,3.102219813984978,,-19.98027975836799,1.4391486840502654,3.904470863537334,0.4354440361614072,-16.408091760744707,2.6759177171461515,
41,1.5101455718585857,1.4384970724442838,-9.181098179797981,1.170387689898807,1.6197075273939447,1.5457037658916928,,0.25138760428599727,2.0493112663670536,-4.176161160625867,1.1038643844140805,18.490447910477325,1.7886792196329828,,23.57376311111112,3.867338127411593,9.353515062626265,1.4042763600371302,-45.17084246464647,1.4083605623036972,,23.82316969696971,5.8922252401945325,15.2935494751436,2.7596171397207088,-28.056566745890276,1.3388601828592965,,22.736838606060605,1.3213419129767023,-4.885214709090908,0.8568369240021005,3.584345205939393,2.8920670899056056,,20.721348227371756,1.3445887589600136,-4.24205229352347,1.0005381991755433,-6.347717252327195,2.771400074518788,,-25.51343218181817,2.666726461640809,1.5383999828282837,0.39265466623233575,-1.7230677693939478,2.7602852014933554,,-19.285488809665267,1.6176767057535342,4.1007661437908505,0.4132754337426235,-17.608386789463264,2.5088078955748574,
42,1.456213433030303,1.528525456073015,-9.144700133333332,1.1536148542815916,2.6707877685454555,1.689868421154973,,0.2806145548187763,2.18908845863044,-4.078656506238859,1.1456028803496503,19.358435888294718,2.011273434400011,,26.240644848484852,4.078537095791404,9.945323600000002,1.5116933899862783,-45.02761381818183,1.4531562328719776,,26.382758526440885,6.431724946225949,16.331797920380275,3.07705929058564,-27.871160903149143,1.3589685817220025,,22.447811939393947,1.3038304067827249,-4.60616166060606,0.8315315203530654,3.4637238186666663,2.918687130476961,,20.547927926322046,1.3484162501483743,-3.9798851218062974,1.0126079498597014,-6.419706338680928,2.8273860468970584,,-23.78742921212121,2.627802120021038,1.733747775151515,0.3420654559800001,-3.0950265936236367,2.402762530882363,,-18.53201532976827,1.7523382231997326,4.285487896613191,0.3776641079998193,-18.726318419489,2.2642250012494953,
43,1.4103677451111114,1.6231409377190607,-9.10440911717172,1.1408715619473448,3.9275921084848515,1.8778343842607759,,0.33973820996236875,2.3193785344232065,-3.988438682907505,1.1947394045588806,20.390666369578135,2.1824267183682213,,29.013902484848487,4.2906675522275375,10.658147800000004,1.6484610492499256,-44.94064844444444,1.5474318994246972,,29.096284214695988,6.955159194133075,17.511455199049323,3.366900927624342,-27.664855733808672,1.4513520205792345,,22.12206185858586,1.2848981731674067,-4.3290341535353525,0.8089216955795746,3.366658355959596,2.945470076768418,,20.335017072687656,1.350897421441266,-3.7214869122598526,1.0195739316768755,-6.484716126361658,2.888176705392106,,-22.172690444444438,2.564392072204561,1.8831146202020208,0.2977439411557001,-4.14271633275071,2.0881092598936335,,-17.76110704693999,1.8517080770808299,4.454675737769856,0.33361720688959123,-19.738940681323037,1.975759818704521,
44,1.3762620677777775,1.723271784506326,-9.077423244444443,1.1312108300935464,5.337004222222227,2.104897782244351,,0.4261687856209154,2.444635347168331,-3.9208369498910676,1.2488046115454687,21.542919172113297,2.2830822396625554,,31.893806888888907,4.5184313879633935,11.509513177777784,1.8304640260345382,-44.837839555555554,1.715269226357682,,31.945069934640536,7.4843859268163415,18.82783159041395,3.6131778515450943,-27.407038126361652,1.6631181345913648,,21.765071111111112,1.2657153065264355,-4.063108422222222,0.7887931019364789,3.304101428888888,2.9714168002539747,,20.085299564270155,1.3512014916038324,-3.4752963180827883,1.0227884987074478,-6.5331654052287575,2.9519939917294202,,-20.681171999999993,2.5274910712396683,1.9876020444444447,0.2656196919996577,-4.87449380666667,1.8595066187272515,,-17.007165424836604,1.939466977323768,4.606561917211329,0.28704271052739233,-20.638106753812643,1.679290164947084,
45,1.3624800549599998,1.8287296835864666,-9.08060061818182,1.1240431691119877,6.854380774545462,2.3518656977133,,0.5441943800356513,2.56783417437268,-3.889980855614972,1.304762200959277,22.777885561497325,2.2958734733763713,,34.89635509090911,4.764857382036927,12.518260054545458,2.056012041559856,-44.649605454545465,1.9735173807533448,,34.930865062388605,8.034120939944508,20.283432798573973,3.7882093787721405,-27.057365240641715,2.0263625682014963,,21.380512909090903,1.2463764053958857,-3.8175062909090904,0.7712635230706816,3.2869400436363634,2.997969514528836,,19.79953832442068,1.3480098210755496,-3.249333992869874,1.0231934629663682,-6.554241857397503,3.016257845190164,,-19.285101818181804,2.566388214864432,2.0486144181818178,0.25101028788451696,-5.301091185454546,1.754994705478608,,-16.290107647058818,2.035938626722044,4.7404730659536565,0.24424224735906666,-21.42146506238859,1.4117882963016681,
46,1.3780994589442426,1.9401098166790691,-9.126060674747475,1.1182836153232263,8.418241335353546,2.6037624937297794,,0.6971508332739166,2.69219713677926,-3.90356908694791,1.3615654715046928,24.038669895028725,2.2300842542049235,,38.02503824242426,5.033514382954475,13.670539068686878,2.318603404195585,-44.32759684848483,2.315928920848127,,38.04947025153497,8.623269931616864,21.850974569221645,3.8795476288641337,-26.572694909883136,2.5395346717030254,,20.974852868686863,1.2275954996153224,-3.5992891232323223,0.7564616552825886,3.3197422331313122,3.0249094195896324,,19.483762249950484,1.342053856052825,-3.0486544325609026,1.0223448990136956,-6.540772301445832,3.079222063912623,,-17.95608012121211,2.681950663346059,2.074335082828283,0.2540189196774226,-5.480492562828282,1.775101371644556,,-15.617197860962559,2.1552794318524495,4.859269867300457,0.21042670170628963,-22.108736621113092,1.2022749816084788,
47,1.4348734141644448,2.0577601782147164,-9.224394244444445,1.1136553991953282,9.974754690909098,2.841295603668011,,0.8940204261239869,2.8218872191793456,-3.967146926123986,1.4185597488667363,25.272649574173116,2.092384386650578,,41.28961785858588,5.329021304431247,14.946933757575767,2.6093539335494054,-43.84061197979798,2.7092499916483113,,41.319000990295145,9.270459660765551,23.495641948900783,3.874951925691823,-25.899466389384024,3.189211316812971,,20.55328434343434,1.2094613084551427,-3.4151785939393933,0.743726882531194,3.4071954242424254,3.052214817356091,,19.142365418894826,1.333452293109831,-2.878292650029708,1.0218512509992903,-6.485035538324421,3.1380958913186494,,-16.69062589898989,2.813921643588971,2.0714164303030302,0.26813264098178125,-5.459648398585858,1.873964919778042,,-14.989023287779755,2.301077538746406,4.965795820954646,0.18861470946783918,-22.718449336502267,1.0662435607681275,
48,1.5509093366666677,2.1802464963840364,-9.3855776969697,1.1072939750004716,11.464962763636363,3.037064798104364,,1.1509889981580506,2.9559708643812157,-4.084997914438504,1.4724638592035613,26.42876102198454,1.8955974128682713,,44.71172436363636,5.6396909276708165,16.315401393939386,2.8982100698668134,-43.14910503030303,3.103203892526555,,44.76660409982175,9.96778406462066,25.17818431372549,3.7597544113174592,-24.98583054070112,3.929733273604056,,20.120706424242425,1.1924871689948344,-3.273089163636363,0.7320575661681198,3.554045128484847,3.076803781840091,,18.780560427807494,1.3228072913732223,-2.743026118835413,1.0253912950278763,-6.38035122043969,3.192478502440457,,-15.490476260606055,2.918037963737037,2.0467915333333333,0.2853724149099472,-5.28717291939394,1.9954199486534945,,-14.401379180035649,2.4706445072935783,5.061961996434937,0.17896998319745955,-23.262783481877598,1.0030216179995888,
49,1.736359094232324,2.3063454146354916,-9.60768355959596,1.1009277200230811,12.848395094949499,3.1856028546843405,,1.4771066674589037,3.0965770549388956,-4.250144076054663,1.5215928124774867,27.47159292929294,1.6687466589018631,,48.29247824242427,5.9624049973089965,17.719589333333335,3.1618799204903683,-42.26014658585857,3.4720354781616285,,48.39878643295704,10.702209791999943,26.84143802733216,3.548279622836189,-23.819197147950092,4.710190499669595,,19.684581050505045,1.1777855966780775,-3.172495258585859,0.7226585478618289,3.7542697202020214,3.0996589922294477,,18.407087027134086,1.3107829457179812,-2.641733194493959,1.0338135339186993,-6.227914482471775,3.241113062390747,,-14.347168337373738,3.0021385147519677,2.009403195959596,0.30340438350269433,-5.025421820202019,2.1225738935699323,,-13.842466928104571,2.6615152970795126,5.150994715785302,0.17934332217602786,-23.76222721330957,0.9982180731957268,
50,2.0129086146242434,2.432209790971885,-9.89474558787879,1.094131624946794,14.080253408080813,3.273752408740032,,1.8932866936423056,3.2433808565446505,-4.459786823133294,1.5632795312392511,28.358425351554768,1.4389806590096328,,52.053984181818194,6.288378592113238,19.102120202020203,3.3737202700363045,-41.16051579797979,3.783186465408896,,52.245193721529034,11.447391820045944,28.425194989106767,3.251732392678033,-22.365106258665083,5.473290607861345,,19.251906020202025,1.1658346880559969,-3.117645298989899,0.7165711643637558,4.007549362020202,3.1198609383333196,,18.029112081600324,1.2980460050184355,-2.576651716775599,1.0475042280834264,-6.024584652208354,3.2826735185067704,,-13.249569214141413,3.0827232530007764,1.9641196202020195,0.32054408422441827,-4.708312118585858,2.243662653546243,,-13.305613260051492,2.869426516224514,5.233507470786294,0.18710205957759113,-24.220920915032682,1.0354403731541992,
51,2.40108897715152,2.554830134652593,-10.241851806060609,1.0860761864151223,15.127477545454555,3.297602105982989,,2.419641719786102,3.3957550607250413,-4.703996096256687,1.5972097431871226,29.05675341651813,1.238175902854199,,56.001350181818225,6.60780100546108,20.38500581818183,3.5198718887407057,-39.86324145454543,4.016564576152731,,56.31953475935834,12.164807900622751,29.854846167557945,2.909615921685728,-20.61970363042185,6.1622069935614725,,18.83126660606061,1.1570278438405892,-3.1078531272727266,0.7136564097996734,4.306452150303033,3.136206958595622,,17.656148841354725,1.2859674356689526,-2.5462561194295903,1.0670831347820486,-5.772841310754602,3.316572847753138,,-12.171128965454534,3.1979467339847107,1.9160410921212117,0.34164977794274676,-4.371369027878784,2.392923132060956,,-12.78122771004159,3.092146334966109,5.3092612537136095,0.200919277773279,-24.638352049910864,1.1060823996787803,
52,2.9122083632929328,2.6748810649930475,-10.636848616161622,1.0769549285523112,15.982271676767677,3.2642501578448337,,3.068051445434744,3.553420816424035,-4.969635191126956,1.624018732437729,29.559408912655968,1.0918313478976307,,60.113756909090924,6.915008689918493,21.502573131313138,3.5982546920195846,-38.40975258585858,4.17441769216408,,60.60537831253716,12.820142462512651,31.072451812240057,2.587485487778847,-18.620370111111093,6.740419618232934,,18.429305030303027,1.1520645724960692,-3.137373418181819,0.7131927533118637,4.639698832929295,3.1481099128210257,,17.296503802733213,1.276096706390622,-2.54561462962963,1.0933780755258116,-5.479947134085956,3.343168629981148,,-11.094869923030299,3.3854700924468357,1.868121347474747,0.37458851621065303,-4.03532255442424,2.625525170003342,,-12.260776675777377,3.3282554759721217,5.3769992810457525,0.2209451702807384,-25.008448484848486,1.210610356412536,
53,3.57863249678788,2.791003240152087,-11.070994969696972,1.0672929699558493,16.615684747474756,3.1730997616396546,,3.870087315963559,3.711785954207347,-5.244885553574965,1.6417141470592977,29.836978312537145,1.0110001399209816,,64.37692830303031,7.196121916927428,22.366853191919194,3.6012719778137297,-36.83069527272727,4.247728409590039,,65.09900794216675,13.359716535522093,31.990547098435336,2.3759653833471157,-16.388615552980788,7.150096937099671,,18.05602668686869,1.1519866382873265,-3.204108975757576,0.7150493441198671,4.99975905939394,3.1541003287055163,,16.961294573182805,1.2687014558022454,-2.5725966038819568,1.1265378667536503,-5.149052041592393,3.3617567849222336,,-10.019282887070705,3.6625555892095827,1.8231991046464646,0.42285072793296774,-3.7205135792525237,2.9641524410405564,,-11.736876071697365,3.5751885982120823,5.433022263814617,0.2469611215133393,-25.311416795405034,1.3483360454103657,
54,4.412429126727278,2.9029573675202083,-11.528471800000002,1.0591936330279543,17.044862000000002,3.0412404385084066,,4.838511980392164,3.8753067786825715,-5.512642156862748,1.6490598791704552,29.903109090909087,0.9921155354770377,,68.73528345454545,7.450499271902111,22.938710909090915,3.5333930892847114,-35.19365981818182,4.244760982307791,,69.73011639928701,13.755837904669534,32.56571372549019,2.3517860334901446,-14.021223534759342,7.374360593512499,,17.71821309090909,1.1580003281164841,-3.297880236363637,0.7198608921515439,5.3735145236363655,3.155180211226753,,16.65905918003565,1.265605179481407,-2.6185522281639937,1.1645547230613287,-4.790639858110514,3.371991625558752,,-8.95702601636363,3.9625284583430105,1.7841745200000003,0.4856855069255816,-3.4479088836363605,3.400239439530187,,-11.204508734402848,3.82942408437769,5.47427258467023,0.27981066284661726,-25.53153137254902,1.52508861472876,
55,5.429578484444445,3.009208228661661,-11.993944377777773,1.0549525261604267,17.281627111111103,2.8815379217708132,,5.985209790849676,4.038366430269008,-5.759129716775599,1.6462490391838043,29.766041176470583,1.0115219205942227,,73.13596644444446,7.666913621292014,23.190037555555556,3.4137976339235716,-33.542150888888884,4.164270681292468,,74.43268954248367,13.98150299556181,32.77168126361657,2.5436205164925845,-11.594621241830062,7.40160864486317,,17.42208044444444,1.168616918141154,-3.4100530222222223,0.727969052666085,5.750400017777779,3.150986899990928,,16.396848801742912,1.2676154339356505,-2.676007496732026,1.20588314795017,-4.4139219825708045,3.375796345892728,,-7.913916640000002,4.185130486975399,1.7527436133333327,0.5601465534705832,-3.229275,3.912127140060238,,-10.659689215686276,4.085377016964532,5.498151067538126,0.3182858426784422,-25.65537080610021,1.7352591793771024,
56,6.657557230707082,3.106434098322098,-12.448765804040406,1.0570990398237867,17.33231278787878,2.6874172560609266,,7.333076122004372,4.197626747618677,-5.967860116854824,1.635448670369254,29.431165319865322,1.0385039926643789,,77.51111319191924,7.841564560328097,23.08773707070707,3.230254826421467,-31.929000969696954,4.028501672216126,,79.1151602297485,14.032741750778435,32.57163852247969,2.8731861234612532,-9.210341896494336,7.251173458981855,,17.17597187878788,1.1842007678468287,-3.5305409212121224,0.738688779155964,6.118934854545456,3.1406072010485273,,16.18476403248168,1.2755685609216068,-2.736108805506041,1.2495476852724905,-4.027464694157257,3.3733374060688055,,-6.877536280808072,4.266879570623235,1.7329628137373732,0.6438461986212033,-3.0933687351515133,4.483117158779359,,-10.097135767478708,4.334175298856397,5.501053475935828,0.3591732499074636,-25.664178570013856,1.962496394078067,
57,8.100165648484852,3.2059260399443255,-12.872438787878789,1.0682322838910585,17.227216727272733,2.470936813806633,,8.878062448009516,4.354502522463631,-6.125760493166965,1.617075023785121,28.93799102792633,1.0641005606478602,,81.77892509090913,7.966366677974015,22.64959696969697,2.9996044754686877,-30.42107896969698,3.856178248664385,,83.66622014260253,13.929524613089797,32.00574937611408,3.245119279506943,-6.975461071657744,6.964096201985922,,16.981979333333328,1.2047890394117786,-3.646787890909092,0.7523131960201771,6.469692872727276,3.1257405876721585,,16.025587938205582,1.2884218406753105,-2.788580450980392,1.2943866759509457,-3.642105677361853,3.3663421286723554,,-5.820042080606055,4.254549348931111,1.7224576230303033,0.7356545062410248,-3.0247702321212118,5.101688327609126,,-9.51473212299465,4.56656168382048,5.482562418300653,0.40011611622662885,-25.556325609031497,2.194596927822485,
58,9.768204428282829,3.307693568704681,-13.243553171717178,1.0909726588345694,16.989887696969696,2.2399289964801907,,10.625223456129921,4.502901083772214,-6.218820180233707,1.5932959071374955,28.314562091503277,1.0820820761724528,,85.85667137373737,8.042994292443968,21.900536949494953,2.7572257934970796,-29.080648828282825,3.6592961752427438,,87.98212263814617,13.702785161722364,31.108465240641706,3.5844462383294307,-4.977428888690829,6.589932272071047,,16.844276363636368,1.230030191337512,-3.7460621676767683,0.769208630709397,6.7943440331313125,3.1084295797503683,,15.924514557338089,1.3052041279229543,-2.8231765890275304,1.338658699164221,-3.2668953799564258,3.3547115599128814,,-4.694673708484851,4.5124515974590205,1.7200916973737372,0.8339911758857332,-3.0165937816161614,5.748267800191953,,-8.910696998811645,4.769650631018072,5.442241410180236,0.43714720798215145,-25.329712220241632,2.410201131010465,
59,11.654233496969704,3.4096688458403275,-13.54457363636364,1.1253224304765954,16.654660787878786,2.002728625579767,,12.56525453555161,4.64258179968699,-6.235399756387403,1.5648867166251836,27.602490413943343,1.0963586691814493,,89.680299959596,8.072525078881705,20.902988686868675,2.529337098158689,-27.93807246464646,3.452760069558093,,91.96940453555162,13.38106102020717,29.959060982372748,3.848841428988382,-3.281501009110706,6.168090146793648,,16.76204896969697,1.2596642147807462,-3.8169117050505053,0.7896544614929273,7.0868906185858584,3.08921260947044,,15.883293622499504,1.3242523255769483,-2.829181285046544,1.3795400482443425,-2.9102289912655954,3.33898924816643,,-3.5256979882828245,5.816798134289619,1.720530061010101,0.9354563777423192,-3.032985923131312,6.383555054112389,,-8.282936024361252,4.930655586976819,5.3818426718162,0.4673052146777397,-24.99348150128739,2.5927105247041613,
60,13.751442533333336,3.515296344566633,-13.756966484848487,1.1718994429959346,16.247247818181812,1.7665994694684692,,14.68367732620321,4.769900641868154,-6.16685625668449,1.539679928499863,26.842623826500294,1.111537442859887,,93.1883589090909,8.056055959007473,19.715803272727275,2.334607402342991,-27.009381333333327,3.2652712319835855,,95.55941396316099,13.000770119609799,28.642196850861556,4.014173156092292,-1.9161454159239457,5.75018560619432,,16.73476103030303,1.2916824034712577,-3.8484427454545456,0.8139193414309006,7.342620133333331,3.0685566252467713,,15.902168805704095,1.3460560818244762,-2.7975225757575752,1.417779950464929,-2.579323959595959,3.320644213119049,,-2.4380973818181833,7.773572844025165,1.7181584103030305,1.0341218064903663,-3.0401817896969705,6.93458741658512,,-7.629340108140225,5.039117964651744,5.304225597147951,0.4878955461629208,-24.56259572192513,2.726275371629977,
61,16.042867646464664,3.6244623160899283,-13.863751434343435,1.226180560471928,15.794670747474747,1.5429915645986407,,16.96071681917213,4.880498468017218,-6.005961319073082,1.5245869805331207,26.081191126955833,1.1327868113233421,,96.33124937373739,8.000445721930568,18.41115575757574,2.1871508356701996,-26.29089228282828,3.1282944028812505,,98.69548263022382,12.59650905367687,27.25407276688451,4.077422738749109,-0.8892425994454269,5.375454409650419,,16.760153090909093,1.3255774214672225,-3.8306499050505045,0.8417985170119059,7.55900790909091,3.047621806094141,,15.980710516934042,1.369815102895603,-2.7193554873836403,1.4537245160764463,-2.280662255892253,3.3001271573965085,,-1.509706807111105,9.577560433612094,1.711457911313131,1.1209230705910054,-3.0256000164646464,7.341270007022928,,-6.948434243612588,5.086213043201824,5.212683990889285,0.49638805540218595,-24.05432624282036,2.795218309201072,
62,18.49999969696971,3.7398913846539616,-13.852725575757576,1.2846200218492487,15.323484383838382,1.349256716073425,,19.368512069716786,4.971125700931186,-5.747785955634779,1.5221293053644154,25.365712517330156,1.1654339510025522,,99.07841478787881,7.910448341424819,17.06332298989898,2.091665563042207,-25.756045777777775,3.059055350417165,,101.34121651812242,12.186843890992847,25.896229451376506,4.04505581579301,-0.1780422523668019,5.063974188555124,,16.834126303030306,1.3600035526275187,-3.755470248484847,0.8728583320999883,7.736295933333333,3.0280678433148682,,16.116765339671222,1.394201728976457,-2.5869972919984137,1.4859830542648336,-2.0193477494553376,3.2771004926468392,,-0.7785715042222202,10.73230300032856,1.6989732787878784,1.1893226568902446,-2.972611429090909,7.593315964204614,,-6.240332040007917,5.066991223366506,5.1118353812636155,0.49216516419991263,-23.492845315904137,2.7937334000534824,
63,21.090563636363658,3.8540421890089895,-13.71350834545454,1.3415233168016267,14.85820454545454,1.2013051033424131,,21.87212780748665,5.040120256015824,-5.392223368983955,1.534064420739405,24.739935828876995,1.212537139902212,,101.39531763636366,7.789176746543708,15.74631545454544,2.042802479872376,-25.37438909090909,3.0723042672875676,,103.48508948306596,11.783910495248607,24.660570231729043,3.9371320865760357,0.26669317522282027,4.828400528476244,,16.952341090909087,1.3943923865837684,-3.615919127272725,0.9064100656289735,7.874686345454547,3.011113556354301,,16.30614385026739,1.4164792055043858,-2.3959620887700517,1.513281498423382,-1.7989848807344002,3.251122068795028,,-0.225732914363632,11.171283125839116,1.6820722672727273,1.2326076803574892,-2.8855001418181807,7.681639663565795,,-5.507561871657746,4.982118649057468,5.0071055080213895,0.476255922467001,-22.907214973262025,2.7250414949537864,
64,23.771180262626277,3.9607474052591107,-13.446482153535351,1.3949682187763912,14.421557656565652,1.1124756201036134,,24.434776391364636,5.086084461424887,-4.943837184987123,1.5638807850902516,24.23933786888493,1.2724598968719534,,103.26988850505049,7.648770216398919,14.526456347474742,2.025987236159032,-25.106920969696972,3.1570119446265235,,105.13020095068332,11.39238794673497,23.620407308377885,3.771518790712882,0.5006972491978616,4.669341044457373,,17.108346949494955,1.4270804046044676,-3.409769375757574,0.9411794672150684,7.977361125050505,2.99702881311231,,16.543852346999408,1.4354078171440339,-2.144377376609228,1.5369316960789015,-1.6212313593963148,3.2220344348928935,,0.19192252987474936,11.067827079583665,1.6624802476767675,1.2448572631475923,-2.7703732573737363,7.606376523929115,,-4.752833617884725,4.83707294737613,4.90355596157655,0.4505281354078698,-22.325143315508026,2.597578858679498,
65,26.498658545454546,4.053906195000397,-13.051153193939394,1.4418179871941783,14.03462,1.0847372576863752,,27.02062139037433,5.1055241130735585,-4.405540438304616,1.6115833705616953,23.900745573380874,1.3424254873956958,,104.67412931313129,7.491441205204332,13.464106719191921,2.025553759767013,-24.922141777777764,3.293421173209108,,106.25911352743121,11.013299538219602,22.845914656367597,3.558511071257017,0.5710025563081793,4.588494972928534,,17.29666191919192,1.4553085800261658,-3.1339830268686866,0.97598173232147,8.046446099595956,2.9842066705350683,,16.826941572588634,1.4495149514295846,-1.8292641160526841,1.557077555055972,-1.4894447501564667,3.190563703913128,,0.4925377330909096,10.526236299365642,1.641976675353535,1.21187221811197,-2.6298981139393938,7.338336679966481,,-3.980040070291147,4.639717692396305,4.806541182412358,0.41753577739859193,-21.776608873044168,2.424008505344645,
66,29.226960000000012,4.130002579170574,-12.539351666666661,1.4786733957842453,13.715485999999999,1.1043124061421916,,29.593558169934653,5.100013820203597,-3.790224830065354,1.6740767565174455,23.73854052287581,1.4198570104341597,,105.6192966666667,7.324501788900806,12.602547733333335,2.0346137610317476,-24.78828466666667,3.4627805177227815,,106.90013267973853,10.654784708760804,22.367066013071895,3.327748281788972,0.5285819555555553,4.574843773206215,,17.509674000000004,1.478475471577846,-2.792119439999997,1.009043209357473,8.086795156666666,2.9729708254367107,,17.148122875817,1.4591506258770528,-1.4556065707973824,1.5753292876935163,-1.4017793780392156,3.1575430039273478,,0.6716572873333351,9.515973363057878,1.6223545199999996,1.1369763193647044,-2.4767272066666663,6.905588797955096,,-3.1980985568627402,4.407096455722191,4.720543202614379,0.38153800833627505,-21.287545098039217,2.227845768109785,
67,31.906401353535365,4.178730272756578,-11.914125949494947,1.501455209366397,13.491632242424238,1.1424407057574983,,32.11477037037038,5.066129596694919,-3.102497918795799,1.743869914485807,23.78191247771836,1.4970340966943334,,106.06640107070703,7.135800179786631,11.998438636363632,2.0358886969192302,-24.689306262626264,3.651069048577715,,107.01852392552982,10.318285420079802,22.238328362051895,3.1063274344252916,0.4026759939988113,4.6174427872524815,,17.742212101010097,1.4946751083745624,-2.3814095810100993,1.03811387973103,8.099941099696968,2.9620012435230776,,17.50451754802931,1.4628815262815165,-1.022535461334322,1.5906223603839766,-1.3625371132897601,3.1225079373689155,,0.7161443846666674,8.015040798500552,1.6017953517171712,1.0298381439093338,-2.304028144323232,6.339032384331964,,-2.4177709834224568,4.153800412040504,4.651810295107941,0.3467437485769441,-20.894323529411757,2.0325412365599145,
68,34.49897260606064,4.197783611946547,-11.199124408080802,1.5142422597396725,13.372065818181813,1.187893507915502,,34.55540461477521,5.008259874007839,-2.3613422001386337,1.8169559360331304,24.01686046741928,1.5731492370781335,,106.06571983838384,6.941138265785262,11.649554755555554,2.040942864282136,-24.602933494949497,3.855925235410743,,106.66704153297684,10.000241894515922,22.443313666072495,2.9047055851578736,0.22574885149534293,4.696874419632203,,17.986279474747477,1.5040957667690131,-1.912708236161611,1.0629928343775557,8.09063119060606,2.951532827343103,,17.887913765102,1.4605690098692734,-0.5411858183402604,1.6029958591779616,-1.3665223790849672,3.0871478584309187,,0.6123378744040395,6.022525502344325,1.5774145367676764,0.8965915077670387,-2.096581483783836,5.646638887779073,,-1.650767021588426,3.900470951844322,4.60378329372153,0.31759031879278926,-20.61874947514359,1.8649082929432799,
69,36.96081200000002,4.184050332275121,-10.406863066666663,1.5175611175051766,13.377290727272728,1.2305633660463935,,36.88206327985742,4.926726302029058,-1.5786955641711198,1.8891478049343322,24.44558288770054,1.642716517249558,,105.60393939393936,6.740942102900074,11.58470796969697,2.050335081556156,-24.531668606060613,4.061758423746446,,105.83143487819368,9.70397088558705,22.99284729649436,2.7341514500271398,0.0016187712418287556,4.79649722035441,,18.236050787878792,1.5058738934685536,-1.389943028787876,1.0828764175102705,8.060226198181818,2.940433421694401,,18.293891027926332,1.451791746478047,-0.01728972117349743,1.6115002138598158,-1.4137731666666677,3.052216701667202,,0.3995489314545458,4.097231493924922,1.548443939393939,0.7451993513950115,-1.8550157445090916,4.839905676738663,,-0.9109105926916198,3.6624918200754357,4.581007647058823,0.2968798957136328,-20.48850695187166,1.7420406880894124,
70,39.26420800000002,4.142517479664203,-9.558376890909084,1.5129050766221277,13.51095519191919,1.2666100578810298,,39.07315818974057,4.825514398562242,-0.769394953673987,1.9581572379454686,25.047055674390975,1.7023080602232876,,104.70208274747475,6.550776621422259,11.799819749494954,2.0831635745439527,-24.509869333333334,4.240892826745273,,104.52783545256484,9.43836076119176,23.85590984353339,2.6101031311733287,-0.2802426428995874,4.899667730584896,,18.486165898989906,1.499444576946209,-0.8235390941939333,1.0957900392077566,8.011479514545453,2.927810489569129,,18.71635805109923,1.4377663383532657,0.5388140397744162,1.6166372417018444,-1.5017205688116468,3.0194068731355723,,0.14845591749494694,3.021711834555152,1.5207369757575753,0.5864879684020463,-1.6309391110363622,3.92438744812271,,-0.21120036278470317,3.453512413166824,4.585503979005745,0.2862031385126538,-20.516180253515547,1.6743922245747918,
71,41.38182298989901,4.070614070993493,-8.672191492929285,1.5037117386764836,13.777710060606063,1.2945793394545724,,41.10532925331749,4.705339546081924,0.05282128427412001,2.0209076008337132,25.795848900772434,1.7486074596750873,,103.35822189898991,6.370928168676023,12.29914361414142,2.1353487952402888,-24.59159575757575,4.372562143953015,,102.75334693998805,9.195327477220026,24.994632719350374,2.5349186115234836,-0.6451908377896649,4.985395642102136,,18.731402141414147,1.4856746298095054,-0.22365851240201567,1.102126814499965,7.945514762020203,2.91287099182652,,19.149758863141223,1.4193102919610545,1.1162695682861994,1.6172546902500553,-1.6282766043771053,2.989496957392077,,-0.10636104212121365,2.7775489716654507,1.5004167797979797,0.4368079531689486,-1.4705361511111108,2.9912675054847,,0.43537020625866996,3.2803723249119137,4.618955561497328,0.2842710900871874,-20.711734482075656,1.6551840862858511,
72,43.29313836363636,3.9675177379798128,-7.7653639818181786,1.4925066896960621,14.174524909090911,1.3114096762522254,,42.96178431372551,4.570141895527656,0.8766594124777211,2.0761271073692917,26.65755311942959,1.7748807739484596,,101.57422781818183,6.203651612388645,13.069953163636363,2.2015399977846855,-24.82761036363637,4.440334939493786,,100.5043390374332,8.978181271065342,26.349490552584662,2.5086845743482864,-1.1294757771836021,5.039494179618198,,18.967957090909096,1.4660068365360306,0.3987569701818201,1.1014854375286962,7.8629491818181805,2.895733262411538,,19.588908912655977,1.3977236123534993,1.7036515033868118,1.6116569700403247,-1.7902910406238863,2.961699321252302,,-0.37087116509090984,2.782983084024672,1.4926226763636365,0.3084342951232022,-1.4067476218181818,2.148427025385893,,1.0191191092691645,3.1444300962626475,4.681900588235295,0.2875232275350753,-21.077545989304813,1.6640699727290391,
73,44.99103909090912,3.8407525055891387,-6.853707888888881,1.4830809565659404,14.68404060606061,1.3208867942726616,,44.631575539710845,4.422147401454583,1.6909512009506908,2.1233601749503612,27.589337452960994,1.782746525275464,,99.35795783838383,6.045177009215846,14.063397115151524,2.286921072901225,-25.291671353535357,4.424637606269678,,97.77991200237668,8.779908795846032,27.840175460487245,2.5186686667063585,-1.7767922509407865,5.053740389232186,,19.193287232323236,1.4421635276995977,1.0308969991515204,1.094201855197777,7.764612927272726,2.87634455464072,,20.028700911071503,1.37470617040749,2.288878050703115,1.5991594737522592,-1.9826590046543888,2.9367131450345982,,-0.6746972243434378,2.7080007346052697,1.4936803167676767,0.2194661505618132,-1.4109618647272726,1.5424634392743621,,1.5343689840562533,3.0445598767283792,4.772256250742722,0.29234774188385176,-21.599525985343636,1.6799473373031912,
74,46.464276767676786,3.7002048737730564,-5.951932278787877,1.4765793701370085,15.284916181818181,1.3257967049556723,,46.10082808476927,4.268376707131835,2.4859526589819794,2.16242630495177,28.546495504060218,1.774426104121778,,96.6983136565657,5.907444210921212,15.225146266666673,2.3768921501219094,-26.05419983838385,4.342853002760318,,94.56004947514354,8.607206540750584,29.373225648643306,2.549244852385003,-2.640457281639932,5.031066803294888,,19.40539717171717,1.41562658665412,1.6598573341616183,1.0802774018037729,7.650771144444446,2.854719601987019,,20.463924262230144,1.3517670336143213,2.8604685270350587,1.5792401789900588,-2.2001418465438713,2.9130242764734193,,-1.0387863226868703,2.6087760563234514,1.4998371814141416,0.19834057134844424,-1.4537388505050506,1.3960449214263115,,1.976630046464648,2.9775609075914597,4.886692618340267,0.2964432082835093,-22.255303109526636,1.689308141107704,
75,47.71571436363638,3.5539290786402957,-5.073036639999991,1.47513964126266,15.942451030303038,1.3251835331996444,,47.36637866904339,4.1168916634448065,3.25518554866311,2.193452069152294,29.480383125371365,1.7545214547831003,,93.6257839393939,5.800995226065078,16.484587212121227,2.450395839432836,-27.094619696969712,4.25411803308552,,90.84774961378486,8.465551562003377,30.836640701128953,2.5877958910945384,-3.757879727272741,4.97798265168965,,19.60440254545455,1.3888102846347306,2.272275047090916,1.0607955619909735,7.522588693939392,2.8316072255401403,,20.889631966726096,1.3306648753320665,3.407761093879981,1.5522151501137633,-2.436709829292931,2.8905702124836905,,-1.464708080121215,2.5814505478137577,1.5127143321212129,0.2396744875020228,-1.5444862354545479,1.6862929240361038,,2.346240823945339,2.939802656097199,5.019700944741535,0.2977681157692996,-23.010307367795612,1.6808526031256439,
76,48.753712585858594,3.402578479920738,-4.226855322787873,1.4795002901029224,16.617138626262626,1.3178025335071895,,48.42559574173104,3.9705720750216638,3.9930156444048372,2.216161396238489,30.344546781540917,1.7267964911404692,,90.25654921212117,5.778869028174301,17.78585121212122,2.4818212293956967,-28.147322424242432,4.515427332883551,,86.65511293325409,8.341148482009869,32.11568175876412,2.626765857706111,-5.154774941374539,4.894101025893648,,19.790644848484845,1.3638009433275362,2.8555903626262666,1.0368496695125138,7.381171533939395,2.807424992095329,,21.30123980986334,1.3123203957752518,3.9206901346801373,1.5182386333137035,-2.6857785605070323,2.8681519346792705,,-1.624959640929294,2.5838550347068354,1.5542362705050514,0.3139377430224882,-1.8363041634343467,2.2016718084860862,,2.6443988989106764,2.9242038803300088,5.16415749851456,0.2944727162389515,-23.821679797979805,1.645095367330473,
77,49.588388,3.2485126393305848,-3.4211217613333327,1.4885221818816592,17.267917333333333,1.3059599953549315,,49.27615838779956,3.8277202425744745,4.6943009276688485,2.2297346656347883,31.092279302832242,1.6931808082672324,,86.70919555555552,6.026355513000916,19.05241488888889,2.4903107311512276,-28.94403818111112,6.3750472373417635,,82.01254400871458,8.214539600983821,33.08794596949891,2.6616533554485295,-6.836415812636171,4.777097328544347,,19.965160444444447,1.3419342289528786,3.398729533333336,1.008829100775454,7.228564677777774,2.7827373707817866,,21.693972113289764,1.2972148439762976,4.389543943355123,1.477036920197199,-2.9399904403050114,2.8446159077320483,,-1.4651878386666695,4.392315788502007,1.6422237800000006,0.514004112450378,-2.444728360444445,3.562747677338018,,2.872668904139435,2.9238078400124956,5.311116383442267,0.2856516689328407,-24.637774291939,1.5789132523705056,
78,50.223575393939406,3.096856561874984,-2.6645984236363587,1.5001971828467264,17.850890242424242,1.2940492482443036,,49.914964468211544,3.693160077511039,5.355318490196082,2.235655590932554,31.680722756981595,1.6692630303034883,,82.80915181818177,6.4407275712399255,20.114143212121217,2.483256710925215,-30.03426217939395,8.761835425308098,,76.98322762923343,8.087501744900713,33.634941532976825,2.695758043412709,-8.771937741532994,4.640556499011776,,20.12912296969697,1.3237772383513997,3.890317927272731,0.9788892283742592,7.067540825454547,2.758157081809776,,22.06249096850862,1.285940624734322,4.806189423648249,1.4285182020373048,-3.191135977064767,2.819125315640491,,-1.6070244457575784,6.459959728572966,1.7171177103030306,0.7363802207074714,-2.9447461153939423,5.011519047489537,,3.035196895424838,2.9338413246486477,5.449129489007728,0.27275748495139257,-25.395045038621504,1.4920672558164583,
79,50.6679983838384,2.9545413031386323,-1.9635496585454535,1.5119191396719047,18.317898989898993,1.2835208457163239,,50.34867589621706,3.5732356253701454,5.972562624480097,2.235680519460409,32.07506100217865,1.6583265054373086,,78.43586866666666,6.565091097089162,20.83164941414141,2.4004881233924023,-31.788352593939397,9.300750163496337,,71.68325115864528,7.952380679832496,33.671571004159226,2.751031951226939,-10.88101599485047,4.49118559478685,,20.28320478787879,1.3093169163066811,4.320534161616161,0.949376977521379,6.901922564848483,2.7344407887728317,,22.401848009506832,1.2790612782491706,5.165401410180234,1.3753169285322069,-3.43026901523074,2.791217663296532,,-2.3552802723232342,6.487820509886427,1.7356084537373735,0.7805495965578457,-3.0760341901010104,5.294647619564716,,3.1322379105169342,2.9456139123496152,5.565716169538523,0.25747937666706766,-26.02814989106754,1.395137685287209,
80,50.93130583838384,2.8283447852749575,-1.3230871622222167,1.5242833539688498,18.626894888888895,1.2846537207820832,,50.58283925529808,3.4707142253401218,6.542201845117849,2.2305968951485062,32.248919092889686,1.671086274057945,,73.62273729292927,6.282818527969701,21.130509111111113,2.263131739138125,-34.220051230303035,7.403757504907689,,66.24575506040793,7.788776248329678,33.14653454149337,2.837420324161269,-13.060738272925354,4.322655651199364,,20.42784313131313,1.2995863368987626,4.6813232545454575,0.923331676494972,6.736497365753532,2.7124168475954225,,22.706874331550804,1.2759149997199135,5.462240853634386,1.3187764206336796,-3.649568708061004,2.762271451179011,,-3.6634448082828395,4.416448785575129,1.686365696969696,0.6365968868090438,-2.7615453908686836,4.36575692477112,,3.1609776832640137,2.954171845442366,5.648375387205389,0.24452410413108894,-26.473210061398294,1.3147844746683681,
81,51.0251190909091,2.7150003900054505,-0.7463471705454517,1.5349153066972816,18.743613636363637,1.3080033635350523,,50.62935294117649,3.3836064053365686,7.059661725490199,2.2225369559540855,32.187514973262026,1.7092595011091751,,68.5972947272727,6.094578132962972,20.971643999999998,2.1495106759556855,-36.88611492727273,5.330648585437593,,60.81070035650619,7.585198492362597,32.05994313725489,2.9563523765940958,-15.202975704099828,4.132727526470588,,20.56267472727273,1.2944283634983658,4.967935890909093,0.9006933800382905,6.5762967880363625,2.6927015846057283,,22.973480570409983,1.2765353198938048,5.69418493761141,1.2616687740176251,-3.8413962156862755,2.7336412801515193,,-5.108243616363636,3.0721169664564276,1.5974669363636362,0.5205275760128928,-2.151654927272727,3.580775001493698,,3.114424322424243,2.9512014132308724,5.6860954901960765,0.24007479227526987,-26.674955080213905,1.2849474112666992,
82,50.96213595959597,2.6148445013548,-0.23564230583837792,1.543360981589495,18.64769531313131,1.3616491979579446,,50.503331431966714,3.305858985615984,7.521062646068533,2.211367619831878,31.88642889681125,1.774225628798606,,63.74550284848479,6.137157627080735,20.464542222222214,2.042526025726481,-38.77715915151518,5.0678136035902455,,55.50436090314906,7.341059856978423,30.45619859378092,3.0863877770201893,-17.20495645474354,3.9295876585292664,,20.686657797979798,1.2929181301549568,5.179844711111113,0.8829658605181626,6.427340511797978,2.6765095986123897,,23.197687878787885,1.280000642262124,5.860901938997823,1.2049789152919945,-3.999271928698753,2.705803785569235,,-6.024178513939403,3.219279565732327,1.555067377171717,0.49541683307146434,-1.8514041814141375,3.4218923167415545,,2.979678177207365,2.9348704581736618,5.670619590017827,0.24988816528505947,-26.59118326401267,1.3381985998804977,
83,50.74826361616163,2.529532397256179,0.20536721478788167,1.5509325220063053,18.322573353535354,1.4522635702123987,,50.21545840760547,3.233822325890942,7.920113945335711,2.197135723122739,31.346426817191517,1.8655738384178255,,59.02389151515148,6.150682089987768,19.60857848484848,1.906894999039054,-40.112204989898984,4.891376529880727,,50.42388090711028,7.062139081411419,28.406277520301032,3.2009425969169834,-18.987329738562103,3.726885023890702,,20.79733931313131,1.2943531220461715,5.316154189898989,0.8727096382024606,6.29532977030303,2.6650712459374275,,23.374465418894832,1.285498495869226,5.961544749455338,1.1500230778079523,-4.117007849316697,2.6797411376109554,,-6.589391331515156,3.0122942396149663,1.5181191240404035,0.4500888811858592,-1.5876238781898968,3.1248534131790073,,2.735172461081401,2.907012803913183,5.595383838383839,0.274314283101877,-26.18523157060804,1.4790740308084254,
84,50.387142969696995,2.4611294541404596,0.5724058058787883,1.5593999928892093,17.758842060606057,1.5714416557188586,,49.78096108140225,3.1661041611805576,8.250122109328581,2.181820047370049,30.582831788472973,1.9710975334867926,,54.38324254545455,6.133034560945449,18.366637757575763,1.830488515772625,-41.173460848484844,4.76749371110898,,45.63248217468805,6.7502667754142,26.024739572192512,3.272801018899724,-20.503589364230546,3.525954036584241,,20.89079751515151,1.2975048959691757,5.376901848484848,0.8714728583764448,6.185816267272727,2.658926072603334,,23.499597742127154,1.2933007239237164,5.997081212121209,1.0999257846446207,-4.189919666250744,2.6576511725084035,,-7.120374207272727,2.8711735997548655,1.4498284866060607,0.40754376980109674,-1.1035115946909086,2.845959944099213,,2.3526282603683892,2.8731154359381605,5.458841622103387,0.30686237971174024,-25.442333036244808,1.6756850563490548,
85,49.8860635959596,2.4149119373136605,0.8630920531111131,1.5732794501110012,16.969628222222212,1.7057962275857141,,49.219436145771425,3.099577712355761,8.505417268766095,2.1682816950940906,29.62940043572984,2.077157889047821,,49.81617464646462,6.085846441430104,16.78963608080807,1.8364172082822725,-42.08572165656567,4.594743149381736,,41.14997516339865,6.410914137500023,23.454186868686847,3.2749514120253846,-21.74948843335315,3.331639228600876,,20.96274517171717,1.3029514774918893,5.365676400000001,0.8794186554562632,6.102933523838384,2.658810516672397,,23.57072867894632,1.3025321883976855,5.970398698752226,1.0556079465018369,-4.216827525826898,2.6422003245811974,,-7.735171057777783,2.7309919627254575,1.334726860747474,0.38381511925676626,-0.29120763543433625,2.691848519684956,,1.8042322149138388,2.840930184492079,5.2657395662507405,0.33875112071843716,-24.377157813428397,1.8815251204243413,
86,49.25699620202021,2.3838067049087384,1.077694233822223,1.5962961518911585,15.990992484848482,1.84047508877313,,48.554090849673194,3.0267969757075,8.684322047930287,2.1568099969748173,28.534252842146962,2.170994549128483,,45.33748486868682,6.0102417494034786,14.993529284848472,1.8819674121189616,-42.864538141414144,4.381453225040182,,36.966212854030466,6.057761246756508,20.838077936224973,3.191603392644379,-22.751938779956436,3.155658953244207,,21.00960529292929,1.3102260785740747,5.290419525252524,0.8922096685751567,6.04880807078788,2.666501359230445,,23.58835438700733,1.3136528733208737,5.88770679936621,1.0160328863384234,-4.200029482036047,2.634967477761158,,-8.420215987272732,2.5734785946042407,1.1754500780404031,0.38799450502049293,0.8298028817171783,2.7247013580208534,,1.0729180616557688,2.815556675928276,5.027564161220042,0.36476556726089515,-23.040778510596155,2.0662325888187505,
87,48.50928909090907,2.359995567907544,1.2169606256242438,1.6305311115486343,14.870422527272712,1.9622046253794507,,47.80461895424835,2.9430575030055937,8.787492584670233,2.146874424956543,27.349641830065348,2.2453091488869683,,40.956621818181766,5.900862701837702,13.10666899999998,1.9159550683593058,-43.50644181818182,4.169247810528938,,33.06756708259058,5.691677360595416,18.30361360665475,3.026954910638313,-23.54722762923353,2.9981251164912237,,21.027736909090912,1.3174757018119538,5.160558648484846,0.9087987986368434,6.024970273212122,2.6832964786589644,,23.55287189542484,1.3242012283636355,5.755829471182412,0.9819535137891171,-4.143471390730837,2.6349646123861583,,-9.143553484848491,2.488703926598862,0.9822190357575734,0.4172607704553528,2.186355102642441,2.927428633464372,,0.15227303672012948,2.8111563110000795,4.758261206179438,0.3834689849217055,-21.500589898989876,2.2181720686876574,
88,47.65194111111111,2.341363968058938,1.2829742264888893,1.675797918941666,13.661317644444441,2.054365341816716,,46.98741503267975,2.8478180536202458,8.816585642701527,2.1391352319233388,26.128671241830055,2.2875566273275276,,36.6851951111111,5.746123723031979,11.249936066666656,1.88961339115628,-44.022305111111116,3.9493482155984174,,29.451723529411737,5.306534242625412,15.962142331154672,2.787372207511328,-24.173006100217872,2.8512949146814113,,21.013582888888887,1.3245629779475137,4.984644644444443,0.9272061647594805,6.0302201955555566,2.709833456334245,,23.46427973856209,1.3326790535209763,5.580362549019608,0.9532459252359301,-4.052753978213508,2.6419469914203972,,-9.894730488888895,2.556951395843627,0.7673538522222206,0.45115531943977233,3.690470617644454,3.157931130889533,,-0.955980302832252,2.8252882747159407,4.472542178649236,0.39208097297245575,-19.83322374727668,2.3165166143565155,
89,46.69231337373735,2.323933796553661,1.2775954775272722,1.7302170286372445,12.422290660606038,2.1034554235846015,,46.117357258863095,2.7417693053152434,8.773966860764508,2.131160556455552,24.93094949494948,2.2881958633091966,,32.572515939393895,5.542253712185485,9.534167767676745,1.787616309272789,-44.40234325252526,3.7772594882792405,,26.141378688849233,4.897462464266233,13.923230439691007,2.4914016556770138,-24.664016399286993,2.699926080772061,,20.962241171717174,1.330535540107017,4.770439569696967,0.9449654651908153,6.062528526868689,2.7458262430682554,,23.321624995048513,1.3385438985447722,5.366591002178649,0.9283855070058444,-3.934801544860366,2.655816462851864,,-10.687906834343446,2.7617524165927323,0.5402404465858559,0.47562375863633327,5.274093639191939,3.316889096158071,,-2.2361139468805873,2.849055380188736,4.188291265597143,0.3899277840994489,-18.13946890473359,2.350384945477953,
90,45.646738727272705,2.311461836496449,1.210023577999999,1.7905658216741593,11.223198272727263,2.1130548998918686,,45.212890017825316,2.6290552343212226,8.673529483065952,2.1271222118806072,23.811094652406403,2.2499972311851573,,28.66706309090906,5.301693230532958,8.045372399999987,1.6367955125461635,-44.69977945454545,3.6688634077693316,,23.15508859180033,4.466424569356077,12.246307344028509,2.1714035894922676,-25.05803333333335,2.5362624364867368,,20.871125818181817,1.3357275827949375,4.528553381818181,0.9602298978789038,6.1155979418181845,2.789850465558085,,23.12885436720142,1.3418923898832364,5.12390385026738,0.9062895753081109,-3.8015408146167546,2.6771095467679547,,-11.636430436363645,2.986181556219095,0.31171645472727105,0.4872782752396091,6.858981383636379,3.38094069017837,,-3.6285515187165895,2.872682076792709,3.9240230303030286,0.3795578823972615,-16.53514803921567,2.3281450848586633,
91,44.5368752121212,2.3008314679116157,1.0973947677979794,1.855310018103165,10.12116246464646,2.094773380807381,,44.28848829471182,2.5132521487894466,8.534131515151511,2.1251237433271295,22.81082368785898,2.18246712865008,,25.000350545454534,5.0415134333128275,6.823111747474742,1.462827139594053,-44.96980652525252,3.6013336559847264,,20.504705882352926,4.035396500165112,10.940979508813625,1.858175188285367,-25.381809506833036,2.365200500446028,,20.74147159595959,1.3398108496538548,4.271746167676768,0.9720805715906498,6.181066028282832,2.841808719777384,,22.89202959001783,1.3425648209392282,4.863328597742127,0.886136882644987,-3.665196271479501,2.704267446003563,,-12.807477561616162,3.165258200035346,0.10206402924444381,0.4871158065134291,8.304908326464652,3.3607114515950087,,-5.051481569617752,2.8976673753797044,3.6939170548623483,0.36515169035049877,-15.117783636363635,2.272711802357994,
92,43.37953551515151,2.2925571516141545,0.9547115064242407,1.9208048576248493,9.157430973737368,2.0546022298771267,,43.355070707070716,2.399403002463697,8.373668072885716,2.1240038978433424,21.96198673004555,2.090084484013971,,21.61733168080806,4.784058353862477,5.887336909090902,1.289146241298696,-45.2441138989899,3.533088814462125,,18.220236007130108,3.619078617410035,10.007942309368184,1.5683058440411086,-25.64548367993662,2.1913294186985532,,20.5735687070707,1.3418705245526397,4.009148658585855,0.9806151388520069,6.251365822222225,2.9003034543002983,,22.61513460091107,1.3403962078936538,4.593711837987717,0.8674125492021607,-3.536814428698751,2.736523852650596,,-14.186840125252537,3.3297747959088544,-0.06935874582626403,0.47794077738610463,9.481420128484858,3.2793912388039783,,-6.4170142521291424,2.919199659752008,3.509752713408595,0.349228413309985,-13.97048955634778,2.1996159987436408,
93,42.192237696969684,2.288704150636057,0.7984302771515144,1.9818220629477838,8.372210618181816,1.992793671811976,,42.423297207367774,2.2921401776907557,8.21200294711824,2.1222595180399475,21.28943077837195,1.979389751021949,,18.58582515151513,4.543643585564278,5.253255630303028,1.141053963251913,-45.55066424242425,3.4560195499651623,,16.34620053475935,3.2359868122381403,9.441446417112298,1.3236986690554238,-25.842132917409383,2.0202606036760953,,20.36651412121212,1.3406966316420947,3.749250703030301,0.9855198764430874,6.3176589242424255,2.963590378203775,,22.301236363636352,1.335567120448246,4.323454194890077,0.8497687570280426,-3.4278069343434328,2.7728112109063434,,-15.687634169696981,3.527251924491291,-0.1823997829212125,0.46299460581779034,10.254341600000002,3.163313532877359,,-7.619558681521098,2.9186706742072985,3.3822055317884727,0.33404124853229883,-13.169176601307184,2.1223237014856235,
94,40.99849498989898,2.2895928969036126,0.6503159895353521,2.0318443004684745,7.802059630303023,1.9206495504471395,,41.50447656961773,2.196066958775704,8.0742463161022,2.119170176286383,20.821157199445423,1.8607554359161267,,16.0131920282828,4.339460197949817,4.921265818181816,1.0165038786846696,-45.88401688888888,3.3991094526471355,,14.950090378292712,2.9058331832524424,9.23495737967914,1.1425712176430747,-25.945512457912454,1.8619576694288404,,20.11992896969697,1.3369598351242469,3.5013179393939367,0.9867773313724829,6.3687624858585865,3.028396464662637,,21.95278736383442,1.3277001416249163,4.062019128540301,0.8325008786839228,-3.352216039215687,2.813912288527816,,-17.121018181818197,3.7487028167330103,-0.22102474347070708,0.4492975196321198,10.51848154141414,3.06505341025146,,-8.511083838185787,2.881844285243907,3.3232792018221424,0.32111328299273223,-12.797522341057638,2.050191093630209,
95,39.82745036363636,2.2939529675132087,0.5346654807070701,2.069561955929811,7.468583757575754,1.865642341728284,,40.611817845117834,2.1145638469983083,7.990298962170727,2.1142263632720875,20.565483977025153,1.7620723295296468,,14.028349119191903,4.164459190154112,4.875069474747474,0.92044624487475,-46.183065818181824,3.324440978260619,,14.087787775797182,2.639182365846518,9.355067540106951,1.030194704541777,-25.907552624282033,1.7199101930908467,,19.835398242424244,1.3308513386644691,3.2740594626262616,0.9862291671783049,6.393235479393936,3.0931412204035342,,21.573847494553373,1.3175793318802045,3.8201026282432147,0.8159235672979649,-3.3229970799168154,2.8577565106217118,,-18.203509878787887,3.8948560523609395,-0.18122838652525217,0.4365455756953484,10.24935535151515,2.984041043126605,,-8.93038956327986,2.8469349454271797,3.3401392572786697,0.3156653746762536,-12.905007864923748,2.016501414611567,
96,38.701424,2.3020040958686594,0.46976789684848475,2.0951245640182683,7.3401236969696955,1.8257888663523696,,39.753307130124774,2.049940397502157,7.977662590612004,2.107631879997109,20.487896910279265,1.6833341112246845,,12.599890060606056,4.006766556229385,5.033760472727273,0.8648105840035759,-46.45881684848485,3.2298632474923736,,13.716737035056454,2.4501806957098986,9.715977433155084,0.9804133341116333,-25.702374450386216,1.60699687302475,,19.521283333333333,1.3226552013613546,3.0718560121212124,0.9859635213438895,6.384782498181818,3.155848110956509,,21.173279382055853,1.306444365776693,3.604249875222816,0.8004251544601253,-3.3430665662507426,2.903477332275721,,-18.787374303030308,3.93353546643731,-0.08377989266666633,0.4257586355424657,9.58573038181818,2.9224104688326653,,-8.830271853832443,2.805606555570219,3.4229837136066545,0.3167186074621045,-13.428410344622701,2.016089184823335,
97,37.64006696969696,2.3116521139909914,0.46983449848484915,2.1075529634023806,7.398497911111113,1.8021973873116717,,38.93797548029312,2.0013103399940793,8.051484622697565,2.09911630790164,20.569076886512185,1.6256640241882472,,11.743516430303025,3.865790026605047,5.373393521212125,0.8641633234778636,-46.66449571717171,3.149819321314991,,13.836087369776195,2.328835172493675,10.274341731035856,0.9784592158431272,-25.29801443850267,1.5256473419866918,,19.18213038383838,1.3126728433489214,2.898337094949493,0.9873678186234527,6.337753518383838,3.2148852360251254,,20.75616236878589,1.294886579849635,3.4198001049712796,0.7860448743287464,-3.4162785937809477,2.9502177459647374,,-18.72606101010101,3.898361151411929,0.06765084785858773,0.4138056219819949,8.54864410101009,2.8554927723733172,,-8.1632932164785,2.7542987826396823,3.5672370845712034,0.32265403739680454,-14.333693450188164,2.038324158281707,
98,36.66200838383839,2.3201322566230043,0.5465239679191928,2.1069851849734893,7.61956235757576,1.7932896567893746,,38.17465407011287,1.9665091560851227,8.22398952267776,2.0884846794566085,20.786798455139632,1.587637998648322,,11.486122212121211,3.736360049440339,5.890485731313134,0.8982970669164655,-46.68553282828283,3.0543623203034094,,14.440845624876223,2.258921905385744,10.990199792038034,1.0071566811031285,-24.66762893642305,1.4719857505546854,,18.822860767676758,1.3016136783847205,2.7563833147474748,0.9918327553259134,6.247666154080808,3.268869014115926,,20.32756393345216,1.2834122632265892,3.271242085561497,0.7729416458027333,-3.5449508354129557,2.9968153033216343,,-17.84963628282827,3.7651511833538005,0.27438283329293073,0.39378995024051405,7.1244735281414036,2.733721378646301,,-6.905037263616547,2.695842679960778,3.7671970786294344,0.33131778755606434,-15.577481639928711,2.0690304727112396,
99,35.78409800000001,2.3256780736370195,0.7084657239999999,2.09486201773316,7.971916600000003,1.793547009168826,,37.4715862745098,1.9430497327472753,8.503721176470592,2.075814003976392,21.114823529411762,1.5641163916106722,,11.8731848,3.612801988763425,6.602293399999999,0.9218771927878678,-46.31606599999999,2.8210872138670235,,15.516845098039218,2.2229282274596174,11.824039803921574,1.0509809034299675,-23.793556862745096,1.4392153479403351,,18.449048,1.290413830558244,2.64801174,1.0006567519400207,6.1114379340000005,3.3167227264541723,,19.892941176470583,1.2725405118057542,3.162070784313725,0.7613504555924016,-3.7295550784313733,3.041994967167292,,-15.942774000000002,3.413616834081412,0.540362211,0.3647836393098456,5.28033442,2.5489248090447525,,-5.0588256078431355,2.635917257977937,4.015504313725491,0.3400233989310257,-17.104131372549023,2.0908132019121823,
